filepath,label,split,subject
features/mel_dd_2c_coswara/long/lkIyl8ZSqIVKiLcfXF6cez7i4o13_deep.npy,long,train,lkIyl8ZSqIVKiLcfXF6cez7i4o13
features/mel_dd_2c_coswara/long/t0wrpS8L5WamJS9NhyjeHAqhaVv1_deep.npy,long,train,t0wrpS8L5WamJS9NhyjeHAqhaVv1
features/mel_dd_2c_coswara/long/PlplsT6dnBbbDLRRXiSGU5I8Jls2_deep.npy,long,train,PlplsT6dnBbbDLRRXiSGU5I8Jls2
features/mel_dd_2c_coswara/long/20200413_aGEXEhp3mbUandZBtCuEooDQrK53_deep.npy,long,train,aGEXEhp3mbUandZBtCuEooDQrK53
features/mel_dd_2c_coswara/long/JjncXsOMMaPo5yrlpzWuhYrygFd2_deep.npy,short,train,JjncXsOMMaPo5yrlpzWuhYrygFd2
features/mel_dd_2c_coswara/long/XzIjEtRHHPci6Zq0zb9Lx0d6zEr2_deep.npy,short,train,XzIjEtRHHPci6Zq0zb9Lx0d6zEr2
features/mel_dd_2c_coswara/long/iYM9uJMyO1UoXTo1tc7rXvsI4bm1_deep.npy,short,train,iYM9uJMyO1UoXTo1tc7rXvsI4bm1
features/mel_dd_2c_coswara/long/FGRDO4IBbAejR0WHD5YbkXTCasg2_deep.npy,short,train,FGRDO4IBbAejR0WHD5YbkXTCasg2
features/mel_dd_2c_coswara/long/tFXAov3QpbTvPL6gzCSwAsTSFT93_deep.npy,short,train,tFXAov3QpbTvPL6gzCSwAsTSFT93
features/mel_dd_2c_coswara/long/3PIiY2eRLVUN4Tba0a8ZN5W6frA3_deep.npy,long,train,3PIiY2eRLVUN4Tba0a8ZN5W6frA3
features/mel_dd_2c_coswara/long/20200415_4EAxuOcgN5d81JCmqo2YxXlxYNL2_deep.npy,long,train,4EAxuOcgN5d81JCmqo2YxXlxYNL2
features/mel_dd_2c_coswara/long/SopKRSJ4JcY36rGE8X4wRE7vPHl2_deep.npy,long,val,SopKRSJ4JcY36rGE8X4wRE7vPHl2
features/mel_dd_2c_coswara/long/aGEXEhp3mbUandZBtCuEooDQrK53_deep.npy,long,train,aGEXEhp3mbUandZBtCuEooDQrK53
features/mel_dd_2c_coswara/long/gWIawRTh97MMSACF9Mq9braP8s12_deep.npy,long,train,gWIawRTh97MMSACF9Mq9braP8s12
features/mel_dd_2c_coswara/long/Z5Y8ewskqQWeyIFkqRKuwGz9fCv1_deep.npy,long,train,Z5Y8ewskqQWeyIFkqRKuwGz9fCv1
features/mel_dd_2c_coswara/long/q3DEiVNvlkNAGJq8LoHEb1TVPao1_deep.npy,long,train,q3DEiVNvlkNAGJq8LoHEb1TVPao1
features/mel_dd_2c_coswara/long/uSboUuoU77ZRC3vwywgE8XqvzQu1_deep.npy,short,train,uSboUuoU77ZRC3vwywgE8XqvzQu1
features/mel_dd_2c_coswara/long/rJtkSijv5ROjzB6LHN1XCAfe9752_deep.npy,short,train,rJtkSijv5ROjzB6LHN1XCAfe9752
features/mel_dd_2c_coswara/long/zLM432Aox7ZcmTXoglELTXNAVnf2_deep.npy,short,train,zLM432Aox7ZcmTXoglELTXNAVnf2
features/mel_dd_2c_coswara/long/20200413_FGRDO4IBbAejR0WHD5YbkXTCasg2_deep.npy,short,train,FGRDO4IBbAejR0WHD5YbkXTCasg2
features/mel_dd_2c_coswara/long/EVWPvD070lhgBsNRXIJ0TsQj3iz2_deep.npy,long,train,EVWPvD070lhgBsNRXIJ0TsQj3iz2
features/mel_dd_2c_coswara/long/ypvsQ6trNDhlWTd8A5vXrRCC8mg1_deep.npy,long,test,ypvsQ6trNDhlWTd8A5vXrRCC8mg1
features/mel_dd_2c_coswara/long/20200415_PmbK8Rb4ohNWp4KwTtlU8xzxFGs2_deep.npy,long,val,PmbK8Rb4ohNWp4KwTtlU8xzxFGs2
features/mel_dd_2c_coswara/long/20200415_wq5WR6X7egP0MydXWR8nqSpHqq12_deep.npy,long,train,wq5WR6X7egP0MydXWR8nqSpHqq12
features/mel_dd_2c_coswara/long/LuWrKc4LBRWEfrsF2sCdR7o57m12_deep.npy,long,train,LuWrKc4LBRWEfrsF2sCdR7o57m12
features/mel_dd_2c_coswara/long/20200413_9XJ2QSvS9CaIo5hSyRZcdst0K8P2_deep.npy,long,test,9XJ2QSvS9CaIo5hSyRZcdst0K8P2
features/mel_dd_2c_coswara/long/20200413_htQzROl26OWQpIYFDzv11F79PLR2_deep.npy,short,test,htQzROl26OWQpIYFDzv11F79PLR2
features/mel_dd_2c_coswara/long/8J17ZUDTdXfN5NYwjjp1ANcRqbJ2_deep.npy,long,test,8J17ZUDTdXfN5NYwjjp1ANcRqbJ2
features/mel_dd_2c_coswara/long/jaRfWYxsWjV2L833wIIyuivEWFG3_deep.npy,short,train,jaRfWYxsWjV2L833wIIyuivEWFG3
features/mel_dd_2c_coswara/long/IxdOYraXjNXf620JP1hexb3YDJ93_deep.npy,short,train,IxdOYraXjNXf620JP1hexb3YDJ93
features/mel_dd_2c_coswara/long/9Wkd6QJdpBNEosMpzYhFwZjBJX92_deep.npy,short,train,9Wkd6QJdpBNEosMpzYhFwZjBJX92
features/mel_dd_2c_coswara/long/9XJ2QSvS9CaIo5hSyRZcdst0K8P2_deep.npy,long,test,9XJ2QSvS9CaIo5hSyRZcdst0K8P2
features/mel_dd_2c_coswara/long/htQzROl26OWQpIYFDzv11F79PLR2_deep.npy,short,test,htQzROl26OWQpIYFDzv11F79PLR2
features/mel_dd_2c_coswara/long/20200415_DpU572tPYaXZXMglBud6sRIaq8y2_deep.npy,long,test,DpU572tPYaXZXMglBud6sRIaq8y2
features/mel_dd_2c_coswara/long/VmwzvNbtzqbxJBXAwplGb6MMWTj1_deep.npy,short,test,VmwzvNbtzqbxJBXAwplGb6MMWTj1
features/mel_dd_2c_coswara/long/fhyliV6PW1aFvwfKLmquREKjECT2_deep.npy,short,test,fhyliV6PW1aFvwfKLmquREKjECT2
features/mel_dd_2c_coswara/long/PmbK8Rb4ohNWp4KwTtlU8xzxFGs2_deep.npy,long,val,PmbK8Rb4ohNWp4KwTtlU8xzxFGs2
features/mel_dd_2c_coswara/long/wq5WR6X7egP0MydXWR8nqSpHqq12_deep.npy,long,train,wq5WR6X7egP0MydXWR8nqSpHqq12
features/mel_dd_2c_coswara/long/8fdUOI5UtkZBCVFXNT1a4hl3rX33_deep.npy,short,test,8fdUOI5UtkZBCVFXNT1a4hl3rX33
features/mel_dd_2c_coswara/long/356wSucV0OV6VQMvozjX63pIXrH2_deep.npy,long,val,356wSucV0OV6VQMvozjX63pIXrH2
features/mel_dd_2c_coswara/long/zvXkuEaPb0OEgG4EHx59NqdmamR2_deep.npy,long,train,zvXkuEaPb0OEgG4EHx59NqdmamR2
features/mel_dd_2c_coswara/long/20200415_IxdOYraXjNXf620JP1hexb3YDJ93_deep.npy,short,train,IxdOYraXjNXf620JP1hexb3YDJ93
features/mel_dd_2c_coswara/long/mLARvz7XxoODpubk3Q53K562JVf2_deep.npy,long,test,mLARvz7XxoODpubk3Q53K562JVf2
features/mel_dd_2c_coswara/long/5BUKA0nZq1SKXR5iRMDNQ4xKxvi1_deep.npy,long,train,5BUKA0nZq1SKXR5iRMDNQ4xKxvi1
features/mel_dd_2c_coswara/long/20200413_zvXkuEaPb0OEgG4EHx59NqdmamR2_deep.npy,long,train,zvXkuEaPb0OEgG4EHx59NqdmamR2
features/mel_dd_2c_coswara/long/DpU572tPYaXZXMglBud6sRIaq8y2_deep.npy,long,test,DpU572tPYaXZXMglBud6sRIaq8y2
features/mel_dd_2c_coswara/long/stnT0xsBXhb159fZrbzN9kwAKvF2_deep.npy,short,test,stnT0xsBXhb159fZrbzN9kwAKvF2
features/mel_dd_2c_coswara/long/GuL97vIwJgQudwa7mdoEh33JZnr1_deep.npy,long,train,GuL97vIwJgQudwa7mdoEh33JZnr1
features/mel_dd_2c_coswara/long/20200415_t0wrpS8L5WamJS9NhyjeHAqhaVv1_deep.npy,long,train,t0wrpS8L5WamJS9NhyjeHAqhaVv1
features/mel_dd_2c_coswara/long/20200413_pW9mCAeWYiMoM7wW7riLvNRbYDO2_deep.npy,short,val,pW9mCAeWYiMoM7wW7riLvNRbYDO2
features/mel_dd_2c_coswara/long/fVL3e9RKRgN2yNKT0KMNZhbal8R2_deep.npy,long,train,fVL3e9RKRgN2yNKT0KMNZhbal8R2
features/mel_dd_2c_coswara/long/DZmX1dGK8KdmY3WYQFuCXrVWuhk2_deep.npy,long,val,DZmX1dGK8KdmY3WYQFuCXrVWuhk2
features/mel_dd_2c_coswara/long/20200415_3PIiY2eRLVUN4Tba0a8ZN5W6frA3_deep.npy,long,train,3PIiY2eRLVUN4Tba0a8ZN5W6frA3
features/mel_dd_2c_coswara/long/B6X0O4W1xyP5lMLvMIzc4fGhQSj1_deep.npy,long,train,B6X0O4W1xyP5lMLvMIzc4fGhQSj1
features/mel_dd_2c_coswara/long/pW9mCAeWYiMoM7wW7riLvNRbYDO2_deep.npy,short,val,pW9mCAeWYiMoM7wW7riLvNRbYDO2
features/mel_dd_2c_coswara/long/4EAxuOcgN5d81JCmqo2YxXlxYNL2_deep.npy,long,train,4EAxuOcgN5d81JCmqo2YxXlxYNL2
features/mel_dd_2c_coswara/long/20200415_rJtkSijv5ROjzB6LHN1XCAfe9752_deep.npy,short,train,rJtkSijv5ROjzB6LHN1XCAfe9752
features/mel_dd_2c_coswara/long/97sUfTwVG5Nzd1YEOxbtrXbl4hl2_deep.npy,long,train,97sUfTwVG5Nzd1YEOxbtrXbl4hl2
features/mel_dd_2c_coswara/long/SQb3JATyGKUZvdfaoVEBhhB2d752_deep.npy,long,test,SQb3JATyGKUZvdfaoVEBhhB2d752
features/mel_dd_2c_coswara/long/ZkYT8z9lW7N4UfY1L9CqlOs9ouk1_deep.npy,long,train,ZkYT8z9lW7N4UfY1L9CqlOs9ouk1
features/mel_dd_2c_coswara/long/EAj5X2nQbNhAzPOqXj28BgI9Wpp2_deep.npy,long,test,EAj5X2nQbNhAzPOqXj28BgI9Wpp2
features/mel_dd_2c_coswara/long/DIaVEL0f1kXNG6KXgBMEQ54yirD3_deep.npy,short,val,DIaVEL0f1kXNG6KXgBMEQ54yirD3
features/mel_dd_2c_coswara/long/20200413_0zexHIcM7tQDdnFiEj2Eb0v3g212_deep.npy,long,test,0zexHIcM7tQDdnFiEj2Eb0v3g212
features/mel_dd_2c_coswara/long/20200415_ZTlauEp4EjMLV0LKWsxXnRopWvC3_deep.npy,long,test,ZTlauEp4EjMLV0LKWsxXnRopWvC3
features/mel_dd_2c_coswara/long/svTIg0ZpdObLgdUfB3x7aehwRHj2_deep.npy,long,train,svTIg0ZpdObLgdUfB3x7aehwRHj2
features/mel_dd_2c_coswara/long/20200413_U7UmNZmqS6OWTiDkM7IfqkDRrae2_deep.npy,short,train,U7UmNZmqS6OWTiDkM7IfqkDRrae2
features/mel_dd_2c_coswara/long/20200415_y71bldtMZsh4Qemwyr86rXevPcH2_deep.npy,long,test,y71bldtMZsh4Qemwyr86rXevPcH2
features/mel_dd_2c_coswara/long/0zexHIcM7tQDdnFiEj2Eb0v3g212_deep.npy,long,test,0zexHIcM7tQDdnFiEj2Eb0v3g212
features/mel_dd_2c_coswara/long/D2bMfCAvvSPj39z6fMToDFRh2rB3_deep.npy,long,train,D2bMfCAvvSPj39z6fMToDFRh2rB3
features/mel_dd_2c_coswara/long/U7UmNZmqS6OWTiDkM7IfqkDRrae2_deep.npy,short,train,U7UmNZmqS6OWTiDkM7IfqkDRrae2
features/mel_dd_2c_coswara/long/XPPJ9BJ5sTQs7BHmMHjD4A0bBlL2_deep.npy,long,train,XPPJ9BJ5sTQs7BHmMHjD4A0bBlL2
features/mel_dd_2c_coswara/long/GZM32y1Sy6X9D9hfrrvpTdPfmoV2_deep.npy,long,train,GZM32y1Sy6X9D9hfrrvpTdPfmoV2
features/mel_dd_2c_coswara/long/t36yqxelXtUEMy6tQJd8Bn1Kr673_deep.npy,short,train,t36yqxelXtUEMy6tQJd8Bn1Kr673
features/mel_dd_2c_coswara/long/Ed1ZsgwOyYcEnpPXOXKPQd1QaS62_deep.npy,long,train,Ed1ZsgwOyYcEnpPXOXKPQd1QaS62
features/mel_dd_2c_coswara/long/4MHkshbYMIYZtzzFwqG7HbWOqrn2_deep.npy,long,train,4MHkshbYMIYZtzzFwqG7HbWOqrn2
features/mel_dd_2c_coswara/long/OIGeFP6iMJfFUhNsVZ3NQ6bsorx2_deep.npy,short,val,OIGeFP6iMJfFUhNsVZ3NQ6bsorx2
features/mel_dd_2c_coswara/long/rhsHmoixLAOboe2XhgFD8ZZNvbD2_deep.npy,short,test,rhsHmoixLAOboe2XhgFD8ZZNvbD2
features/mel_dd_2c_coswara/long/YjUO0QbUUAUJyUfgApL52jRs8Z52_deep.npy,short,train,YjUO0QbUUAUJyUfgApL52jRs8Z52
features/mel_dd_2c_coswara/long/Ml6JGK0BGDYiU7CulDVQnD065BI3_deep.npy,long,train,Ml6JGK0BGDYiU7CulDVQnD065BI3
features/mel_dd_2c_coswara/long/HzgkwPpnW5dgFMdHNxRhazx4el23_deep.npy,short,test,HzgkwPpnW5dgFMdHNxRhazx4el23
features/mel_dd_2c_coswara/long/2zAfpSxYt0O6Bl7qwUhicdCoyY42_deep.npy,long,train,2zAfpSxYt0O6Bl7qwUhicdCoyY42
features/mel_dd_2c_coswara/long/eKGXsbhd2VOFGSoIhMH8SKaa6n12_deep.npy,short,train,eKGXsbhd2VOFGSoIhMH8SKaa6n12
features/mel_dd_2c_coswara/long/tYYfZtYnKXbGU6nxyEB3wj58S7c2_deep.npy,short,val,tYYfZtYnKXbGU6nxyEB3wj58S7c2
features/mel_dd_2c_coswara/long/20200415_vBRMIg1ACdeSAFmcWnII6ZkDefV2_deep.npy,long,train,vBRMIg1ACdeSAFmcWnII6ZkDefV2
features/mel_dd_2c_coswara/long/dtV4ZlnWakRFGKpIfiUqdu3q6iq1_deep.npy,long,test,dtV4ZlnWakRFGKpIfiUqdu3q6iq1
features/mel_dd_2c_coswara/long/iV3Db6t1T8b7c5HQY2TwxIhjbzD3_deep.npy,short,train,iV3Db6t1T8b7c5HQY2TwxIhjbzD3
features/mel_dd_2c_coswara/long/1fMS9159tNOgEbgTXBoUpBXQUIr1_deep.npy,long,train,1fMS9159tNOgEbgTXBoUpBXQUIr1
features/mel_dd_2c_coswara/long/WNCUJW2QH9fEcsSUztikS1Zvoyn1_deep.npy,short,train,WNCUJW2QH9fEcsSUztikS1Zvoyn1
features/mel_dd_2c_coswara/long/20200415_evcMtXUBFWS6bXPYqv7BXVfqFIc2_deep.npy,long,train,evcMtXUBFWS6bXPYqv7BXVfqFIc2
features/mel_dd_2c_coswara/long/5FC78ahXNGa1Mc8A3X0Bfj5sHIJ2_deep.npy,short,test,5FC78ahXNGa1Mc8A3X0Bfj5sHIJ2
features/mel_dd_2c_coswara/long/0Ha52POVIxTKEPqI1eGpIoMHUd52_deep.npy,long,train,0Ha52POVIxTKEPqI1eGpIoMHUd52
features/mel_dd_2c_coswara/long/ZmJz4NgHHRZAwzUAVvkXBOmRSTA3_deep.npy,short,train,ZmJz4NgHHRZAwzUAVvkXBOmRSTA3
features/mel_dd_2c_coswara/long/K5SeTDLlXVQ0U5sl17KluTKEOKJ3_deep.npy,long,train,K5SeTDLlXVQ0U5sl17KluTKEOKJ3
features/mel_dd_2c_coswara/long/20200413_wawUd75qJgXdQz6qxRATEzuKvMn1_deep.npy,long,test,wawUd75qJgXdQz6qxRATEzuKvMn1
features/mel_dd_2c_coswara/long/20200415_YjUO0QbUUAUJyUfgApL52jRs8Z52_deep.npy,short,train,YjUO0QbUUAUJyUfgApL52jRs8Z52
features/mel_dd_2c_coswara/long/v4G9xCIR9DdWAiFRSNd4XbwPUP32_deep.npy,short,train,v4G9xCIR9DdWAiFRSNd4XbwPUP32
features/mel_dd_2c_coswara/long/WSNcPIb74jUzQoVPA7RGZKWtMrM2_deep.npy,long,train,WSNcPIb74jUzQoVPA7RGZKWtMrM2
features/mel_dd_2c_coswara/long/wawUd75qJgXdQz6qxRATEzuKvMn1_deep.npy,long,test,wawUd75qJgXdQz6qxRATEzuKvMn1
features/mel_dd_2c_coswara/long/Q5C7zucNKTZSpYWQBFkZaoKucwi1_deep.npy,long,train,Q5C7zucNKTZSpYWQBFkZaoKucwi1
features/mel_dd_2c_coswara/long/S0ZhYGoCVfXWMHzPGZ41PvHYiw12_deep.npy,short,train,S0ZhYGoCVfXWMHzPGZ41PvHYiw12
features/mel_dd_2c_coswara/long/vBRMIg1ACdeSAFmcWnII6ZkDefV2_deep.npy,long,train,vBRMIg1ACdeSAFmcWnII6ZkDefV2
features/mel_dd_2c_coswara/long/TmtSpBMTFzSu3z7HHtir7UqUNbl2_deep.npy,short,train,TmtSpBMTFzSu3z7HHtir7UqUNbl2
features/mel_dd_2c_coswara/long/pUOk49eAwAcbHBwdL3OldmF1iHd2_deep.npy,long,train,pUOk49eAwAcbHBwdL3OldmF1iHd2
features/mel_dd_2c_coswara/long/evcMtXUBFWS6bXPYqv7BXVfqFIc2_deep.npy,long,train,evcMtXUBFWS6bXPYqv7BXVfqFIc2
features/mel_dd_2c_coswara/long/20200415_ZmJz4NgHHRZAwzUAVvkXBOmRSTA3_deep.npy,short,train,ZmJz4NgHHRZAwzUAVvkXBOmRSTA3
features/mel_dd_2c_coswara/long/BNraT7TUj1ZHWnxzh3eVOM2CwIm1_deep.npy,short,val,BNraT7TUj1ZHWnxzh3eVOM2CwIm1
features/mel_dd_2c_coswara/long/20200415_ZkYT8z9lW7N4UfY1L9CqlOs9ouk1_deep.npy,long,train,ZkYT8z9lW7N4UfY1L9CqlOs9ouk1
features/mel_dd_2c_coswara/long/9CjIhgGiWqP4wrhOximVkQgE8tq2_deep.npy,short,train,9CjIhgGiWqP4wrhOximVkQgE8tq2
features/mel_dd_2c_coswara/long/20200415_DIaVEL0f1kXNG6KXgBMEQ54yirD3_deep.npy,short,val,DIaVEL0f1kXNG6KXgBMEQ54yirD3
features/mel_dd_2c_coswara/long/t2pbxfq394a4oOVoHrwbiUFV85G2_deep.npy,long,val,t2pbxfq394a4oOVoHrwbiUFV85G2
features/mel_dd_2c_coswara/long/WscnqzOzFwUvHbl7MKfRcioUI9t1_deep.npy,long,train,WscnqzOzFwUvHbl7MKfRcioUI9t1
features/mel_dd_2c_coswara/long/ZTlauEp4EjMLV0LKWsxXnRopWvC3_deep.npy,long,test,ZTlauEp4EjMLV0LKWsxXnRopWvC3
features/mel_dd_2c_coswara/long/y71bldtMZsh4Qemwyr86rXevPcH2_deep.npy,long,test,y71bldtMZsh4Qemwyr86rXevPcH2
features/mel_dd_2c_coswara/long/Gcs79sztbbauDn62MJa2xq2jrqT2_deep.npy,long,train,Gcs79sztbbauDn62MJa2xq2jrqT2
features/mel_dd_2c_coswara/long/FabhqSqtVOSswlym1jLjDOsiqHC2_deep.npy,long,train,FabhqSqtVOSswlym1jLjDOsiqHC2
features/mel_dd_2c_coswara/long/IHOunHyVaoO7AR6Z0QJgIa31BvS2_deep.npy,long,train,IHOunHyVaoO7AR6Z0QJgIa31BvS2
features/mel_dd_2c_coswara/long/20200415_GZM32y1Sy6X9D9hfrrvpTdPfmoV2_deep.npy,long,train,GZM32y1Sy6X9D9hfrrvpTdPfmoV2
features/mel_dd_2c_coswara/long/20200415_JtJEMsy1XPalUgUWmzkLyq9LWbI2_deep.npy,short,train,JtJEMsy1XPalUgUWmzkLyq9LWbI2
features/mel_dd_2c_coswara/long/20200415_0gB18cWHioTobGuU3qVE0QV5mBN2_deep.npy,long,test,0gB18cWHioTobGuU3qVE0QV5mBN2
features/mel_dd_2c_coswara/long/f4wYeTyCImQ0BQiwBOlScS9C2H03_deep.npy,long,train,f4wYeTyCImQ0BQiwBOlScS9C2H03
features/mel_dd_2c_coswara/long/bjA2KpSxneNskrLBeqi4bqoTDQl2_deep.npy,long,train,bjA2KpSxneNskrLBeqi4bqoTDQl2
features/mel_dd_2c_coswara/long/YPqxeCMKNuMVhEg9xQPA4hD8dQC2_deep.npy,short,train,YPqxeCMKNuMVhEg9xQPA4hD8dQC2
features/mel_dd_2c_coswara/long/IG629UPMI0SQe0tpOKcTKCnQYr82_deep.npy,long,test,IG629UPMI0SQe0tpOKcTKCnQYr82
features/mel_dd_2c_coswara/long/20200415_MbCfQyWYGIeZ5m0BCTeiM1oi7282_deep.npy,short,train,MbCfQyWYGIeZ5m0BCTeiM1oi7282
features/mel_dd_2c_coswara/long/1i0OseJHOsa9Jn9ZfCIXmx5C4y02_deep.npy,long,train,1i0OseJHOsa9Jn9ZfCIXmx5C4y02
features/mel_dd_2c_coswara/long/6mCAHbyEebbEDkxHxOqihoJRkX83_deep.npy,short,train,6mCAHbyEebbEDkxHxOqihoJRkX83
features/mel_dd_2c_coswara/long/gdt5iG6NWAWoK1edYqNFXUuZXQS2_deep.npy,long,train,gdt5iG6NWAWoK1edYqNFXUuZXQS2
features/mel_dd_2c_coswara/long/AwfC9BfTQ1WYby8bEH1rzosHHN42_deep.npy,long,train,AwfC9BfTQ1WYby8bEH1rzosHHN42
features/mel_dd_2c_coswara/long/20200415_9qXBPCugOSe0Yl1GhThi1kCVZDD2_deep.npy,long,train,9qXBPCugOSe0Yl1GhThi1kCVZDD2
features/mel_dd_2c_coswara/long/20200415_bEzlLV5ZV3fSBFl6JLs1e0t3GEG2_deep.npy,long,train,bEzlLV5ZV3fSBFl6JLs1e0t3GEG2
features/mel_dd_2c_coswara/long/20200413_bjA2KpSxneNskrLBeqi4bqoTDQl2_deep.npy,long,train,bjA2KpSxneNskrLBeqi4bqoTDQl2
features/mel_dd_2c_coswara/long/UYQqLbdvfMeQOnISZq4Okwuas6K2_deep.npy,short,train,UYQqLbdvfMeQOnISZq4Okwuas6K2
features/mel_dd_2c_coswara/long/V3EIT06H4JN5KwoK8aGRXQNzGRi1_deep.npy,long,test,V3EIT06H4JN5KwoK8aGRXQNzGRi1
features/mel_dd_2c_coswara/long/Yk18VcaTrIZ58BIGGgfGRvrf19b2_deep.npy,long,train,Yk18VcaTrIZ58BIGGgfGRvrf19b2
features/mel_dd_2c_coswara/long/20200413_UiUUhL0PMjWVA6W2dKte1DCE6wG2_deep.npy,short,train,UiUUhL0PMjWVA6W2dKte1DCE6wG2
features/mel_dd_2c_coswara/long/SY4Ekt5W4VZdeIm5r3iLmjxz9pA2_deep.npy,short,train,SY4Ekt5W4VZdeIm5r3iLmjxz9pA2
features/mel_dd_2c_coswara/long/IH5AenjC1DTmH4Rw4PhvnaKHbmw2_deep.npy,short,test,IH5AenjC1DTmH4Rw4PhvnaKHbmw2
features/mel_dd_2c_coswara/long/IBjSkzn7W6WpVSw49EXPM2ME75t2_deep.npy,short,train,IBjSkzn7W6WpVSw49EXPM2ME75t2
features/mel_dd_2c_coswara/long/G3iIP9QRHPTItOsK6lpEMd6IQKw1_deep.npy,long,val,G3iIP9QRHPTItOsK6lpEMd6IQKw1
features/mel_dd_2c_coswara/long/20200413_1AuoEhB8vAfCtxTFFV0W916yBqA3_deep.npy,long,train,1AuoEhB8vAfCtxTFFV0W916yBqA3
features/mel_dd_2c_coswara/long/269e2kDksfRXKVHNXf4ACl9JUVm1_deep.npy,long,test,269e2kDksfRXKVHNXf4ACl9JUVm1
features/mel_dd_2c_coswara/long/IVUrhfpO08QnE9S8UR1hk4DquTa2_deep.npy,short,test,IVUrhfpO08QnE9S8UR1hk4DquTa2
features/mel_dd_2c_coswara/long/UiUUhL0PMjWVA6W2dKte1DCE6wG2_deep.npy,short,train,UiUUhL0PMjWVA6W2dKte1DCE6wG2
features/mel_dd_2c_coswara/long/z1SsPGv63YeNLOjgDUTa2kEG1wY2_deep.npy,long,train,z1SsPGv63YeNLOjgDUTa2kEG1wY2
features/mel_dd_2c_coswara/long/AxuYWBN0jFVLINCBqIW5aZmGCdu1_deep.npy,long,train,AxuYWBN0jFVLINCBqIW5aZmGCdu1
features/mel_dd_2c_coswara/long/20200413_SY4Ekt5W4VZdeIm5r3iLmjxz9pA2_deep.npy,short,train,SY4Ekt5W4VZdeIm5r3iLmjxz9pA2
features/mel_dd_2c_coswara/long/sW80fLKGSiXcPBKFwnwRaaRdPKX2_deep.npy,long,train,sW80fLKGSiXcPBKFwnwRaaRdPKX2
features/mel_dd_2c_coswara/long/gGuUN1zRpINudd2X5CgQvDfJY0E2_deep.npy,long,train,gGuUN1zRpINudd2X5CgQvDfJY0E2
features/mel_dd_2c_coswara/long/sh8x9M4ZeXXllQvCiFENINxFf9h1_deep.npy,long,train,sh8x9M4ZeXXllQvCiFENINxFf9h1
features/mel_dd_2c_coswara/long/rB5oGtrGYZR5uJUXEaDYrrredz13_deep.npy,short,train,rB5oGtrGYZR5uJUXEaDYrrredz13
features/mel_dd_2c_coswara/long/2DlLebpOzxaURwfwyo2fZiWIF1Z2_deep.npy,long,train,2DlLebpOzxaURwfwyo2fZiWIF1Z2
features/mel_dd_2c_coswara/long/A7tcR4TNNfYhbtnLDTckg6yUVho1_deep.npy,short,train,A7tcR4TNNfYhbtnLDTckg6yUVho1
features/mel_dd_2c_coswara/long/20200413_G3iIP9QRHPTItOsK6lpEMd6IQKw1_deep.npy,long,val,G3iIP9QRHPTItOsK6lpEMd6IQKw1
features/mel_dd_2c_coswara/long/Na6w7stX7ocNYZPQW9MQAiM6mrw2_deep.npy,long,test,Na6w7stX7ocNYZPQW9MQAiM6mrw2
features/mel_dd_2c_coswara/long/1AuoEhB8vAfCtxTFFV0W916yBqA3_deep.npy,long,train,1AuoEhB8vAfCtxTFFV0W916yBqA3
features/mel_dd_2c_coswara/long/20200415_UYQqLbdvfMeQOnISZq4Okwuas6K2_deep.npy,short,train,UYQqLbdvfMeQOnISZq4Okwuas6K2
features/mel_dd_2c_coswara/long/20200415_V3EIT06H4JN5KwoK8aGRXQNzGRi1_deep.npy,long,test,V3EIT06H4JN5KwoK8aGRXQNzGRi1
features/mel_dd_2c_coswara/long/9LCBZHRlg3Nk6NMZHu7AZJ9Rju53_deep.npy,long,val,9LCBZHRlg3Nk6NMZHu7AZJ9Rju53
features/mel_dd_2c_coswara/long/nwXAgQmOEVRx6dZqQzc0GdmNSx22_deep.npy,long,train,nwXAgQmOEVRx6dZqQzc0GdmNSx22
features/mel_dd_2c_coswara/long/20200415_IH5AenjC1DTmH4Rw4PhvnaKHbmw2_deep.npy,short,test,IH5AenjC1DTmH4Rw4PhvnaKHbmw2
features/mel_dd_2c_coswara/long/v8s9qaC0OZbY4OXHQBR5Nb0juq52_deep.npy,long,val,v8s9qaC0OZbY4OXHQBR5Nb0juq52
features/mel_dd_2c_coswara/long/34FItWuiLofMlaG1BmqHWVgHelh2_deep.npy,short,val,34FItWuiLofMlaG1BmqHWVgHelh2
features/mel_dd_2c_coswara/long/20200415_269e2kDksfRXKVHNXf4ACl9JUVm1_deep.npy,long,test,269e2kDksfRXKVHNXf4ACl9JUVm1
features/mel_dd_2c_coswara/long/CGGk5Y7thvXSCYhDX0e4yPN7g5R2_deep.npy,short,train,CGGk5Y7thvXSCYhDX0e4yPN7g5R2
features/mel_dd_2c_coswara/long/20200415_IVUrhfpO08QnE9S8UR1hk4DquTa2_deep.npy,short,test,IVUrhfpO08QnE9S8UR1hk4DquTa2
features/mel_dd_2c_coswara/long/229rWq0xWbfGANPmsv6F39xhjnS2_deep.npy,short,train,229rWq0xWbfGANPmsv6F39xhjnS2
features/mel_dd_2c_coswara/long/PR1ZyxKH1MVEQjjCaRsghm8DrEf1_deep.npy,long,train,PR1ZyxKH1MVEQjjCaRsghm8DrEf1
features/mel_dd_2c_coswara/long/x8PvE190nSZUtv8raWxfg76ek6p2_deep.npy,short,train,x8PvE190nSZUtv8raWxfg76ek6p2
features/mel_dd_2c_coswara/long/LziLApJbcWWu3MzbIL8k6mLdyFK2_deep.npy,short,train,LziLApJbcWWu3MzbIL8k6mLdyFK2
features/mel_dd_2c_coswara/long/LElWV2QtC5fwpqpIdAFEmaLX3Aw1_deep.npy,long,train,LElWV2QtC5fwpqpIdAFEmaLX3Aw1
features/mel_dd_2c_coswara/long/TaoyZAahOzRoDQRxb0DtDZh8Opa2_deep.npy,short,train,TaoyZAahOzRoDQRxb0DtDZh8Opa2
features/mel_dd_2c_coswara/long/m6UxfLHv0nWKNqMZP2uNiGzXgKh2_deep.npy,short,train,m6UxfLHv0nWKNqMZP2uNiGzXgKh2
features/mel_dd_2c_coswara/long/20200415_Na6w7stX7ocNYZPQW9MQAiM6mrw2_deep.npy,long,test,Na6w7stX7ocNYZPQW9MQAiM6mrw2
features/mel_dd_2c_coswara/long/JtJEMsy1XPalUgUWmzkLyq9LWbI2_deep.npy,short,train,JtJEMsy1XPalUgUWmzkLyq9LWbI2
features/mel_dd_2c_coswara/long/0gB18cWHioTobGuU3qVE0QV5mBN2_deep.npy,long,test,0gB18cWHioTobGuU3qVE0QV5mBN2
features/mel_dd_2c_coswara/long/20200413_FSzobvJqOXf0rI6X05cHqOiU9Mu2_deep.npy,long,train,FSzobvJqOXf0rI6X05cHqOiU9Mu2
features/mel_dd_2c_coswara/long/jppvqUD1X3VH39cGDRRlmhj4wu12_deep.npy,short,train,jppvqUD1X3VH39cGDRRlmhj4wu12
features/mel_dd_2c_coswara/long/OW5RTM4WXPawz0QLpsfjsl4FqM22_deep.npy,long,val,OW5RTM4WXPawz0QLpsfjsl4FqM22
features/mel_dd_2c_coswara/long/FSzobvJqOXf0rI6X05cHqOiU9Mu2_deep.npy,long,train,FSzobvJqOXf0rI6X05cHqOiU9Mu2
features/mel_dd_2c_coswara/long/MbCfQyWYGIeZ5m0BCTeiM1oi7282_deep.npy,short,train,MbCfQyWYGIeZ5m0BCTeiM1oi7282
features/mel_dd_2c_coswara/long/LYJToDRYDZfpjBuNC6YkUcphr0q1_deep.npy,long,train,LYJToDRYDZfpjBuNC6YkUcphr0q1
features/mel_dd_2c_coswara/long/8Ngu7IThNzTVZLqXDCm2BkMBSLl1_deep.npy,short,train,8Ngu7IThNzTVZLqXDCm2BkMBSLl1
features/mel_dd_2c_coswara/long/9qXBPCugOSe0Yl1GhThi1kCVZDD2_deep.npy,long,train,9qXBPCugOSe0Yl1GhThi1kCVZDD2
features/mel_dd_2c_coswara/long/bEzlLV5ZV3fSBFl6JLs1e0t3GEG2_deep.npy,long,train,bEzlLV5ZV3fSBFl6JLs1e0t3GEG2
features/mel_dd_2c_coswara/long/PfuMI67JW2h6z4MsRDegrhZ8FSH2_deep.npy,long,train,PfuMI67JW2h6z4MsRDegrhZ8FSH2
features/mel_dd_2c_coswara/long/AutXsDVtEcVH9ZQ58NqDunDcqZv1_deep.npy,short,train,AutXsDVtEcVH9ZQ58NqDunDcqZv1
features/mel_dd_2c_coswara/long/EqDWckxbsETyHUeBLQ8jLtxlhir2_deep.npy,long,train,EqDWckxbsETyHUeBLQ8jLtxlhir2
features/mel_dd_2c_coswara/long/wwedtVmUE2dHLXmCHaIXW4uGRmq2_deep.npy,long,train,wwedtVmUE2dHLXmCHaIXW4uGRmq2
features/mel_dd_2c_coswara/long/SOYq0vyRpWUxeRZyAeobsEfuXy83_deep.npy,long,val,SOYq0vyRpWUxeRZyAeobsEfuXy83
features/mel_dd_2c_coswara/long/20fmUqvUKmhKFgj9U6zVLyjNeAu2_deep.npy,short,train,20fmUqvUKmhKFgj9U6zVLyjNeAu2
features/mel_dd_2c_coswara/long/Tg9azT9vyfe95C5l2z8hwHEc1p73_deep.npy,long,val,Tg9azT9vyfe95C5l2z8hwHEc1p73
features/mel_dd_2c_coswara/long/6sUnPQNXQCYawfmLL8Pg91UxoiI3_deep.npy,short,test,6sUnPQNXQCYawfmLL8Pg91UxoiI3
features/mel_dd_2c_coswara/long/iwgKSGOJCSXNupqJWO2JeuT3Omf2_deep.npy,long,train,iwgKSGOJCSXNupqJWO2JeuT3Omf2
features/mel_dd_2c_coswara/long/0HIgO2EhOOW1msCbEw1kC8Qsx6D3_deep.npy,long,train,0HIgO2EhOOW1msCbEw1kC8Qsx6D3
features/mel_dd_2c_coswara/long/vwqgm68Z4gZ9T5Ry9T4u8tYsJxn2_deep.npy,short,train,vwqgm68Z4gZ9T5Ry9T4u8tYsJxn2
features/mel_dd_2c_coswara/long/yS7pj7vgWyMU5nqgYXglXiTcW9A2_deep.npy,long,train,yS7pj7vgWyMU5nqgYXglXiTcW9A2
features/mel_dd_2c_coswara/long/zGjGkKCAjkdA9S3aSreocxkWf0C2_deep.npy,long,val,zGjGkKCAjkdA9S3aSreocxkWf0C2
features/mel_dd_2c_coswara/long/20200413_EqDWckxbsETyHUeBLQ8jLtxlhir2_deep.npy,long,train,EqDWckxbsETyHUeBLQ8jLtxlhir2
features/mel_dd_2c_coswara/long/20200415_QKEe27GzshbGSIGQZ6nB6lpLb7l2_deep.npy,long,train,QKEe27GzshbGSIGQZ6nB6lpLb7l2
features/mel_dd_2c_coswara/long/spM6cgJG4VQfYjnnTqxwx3Cg3pk1_deep.npy,short,train,spM6cgJG4VQfYjnnTqxwx3Cg3pk1
features/mel_dd_2c_coswara/long/20200415_UVQ8rnPQiYbVAuvPI1uGYIJZmQZ2_deep.npy,long,train,UVQ8rnPQiYbVAuvPI1uGYIJZmQZ2
features/mel_dd_2c_coswara/long/WrM6hLW3fGbGgwpWSZT9HOSU7CC3_deep.npy,long,test,WrM6hLW3fGbGgwpWSZT9HOSU7CC3
features/mel_dd_2c_coswara/long/p5ZEeEq5AgbI7KMhSP9HTCXTDQ62_deep.npy,long,val,p5ZEeEq5AgbI7KMhSP9HTCXTDQ62
features/mel_dd_2c_coswara/long/20200413_jRjAYMmAQee5uVm5fU8yVnpuvs33_deep.npy,long,train,jRjAYMmAQee5uVm5fU8yVnpuvs33
features/mel_dd_2c_coswara/long/D1d4hc9MrgTDxgAhqpTgqOEJtLp2_deep.npy,long,test,D1d4hc9MrgTDxgAhqpTgqOEJtLp2
features/mel_dd_2c_coswara/long/Ms3fiiaGeta2PNzjXEE3iMBmh1h1_deep.npy,long,train,Ms3fiiaGeta2PNzjXEE3iMBmh1h1
features/mel_dd_2c_coswara/long/an56VxZWQ5RKFCHxW3Y0NquAEcA3_deep.npy,long,train,an56VxZWQ5RKFCHxW3Y0NquAEcA3
features/mel_dd_2c_coswara/long/bH6WQVvClVRDer6iOFvaGiz0luf1_deep.npy,long,train,bH6WQVvClVRDer6iOFvaGiz0luf1
features/mel_dd_2c_coswara/long/UKeaEFOLZbT7lMl0qZr3uGPO4wK2_deep.npy,long,train,UKeaEFOLZbT7lMl0qZr3uGPO4wK2
features/mel_dd_2c_coswara/long/796K27lWKTfniw99yaqsYIvPrvi1_deep.npy,long,test,796K27lWKTfniw99yaqsYIvPrvi1
features/mel_dd_2c_coswara/long/nkSUWnQgO0Tn7flFkVp7CrdsatW2_deep.npy,long,train,nkSUWnQgO0Tn7flFkVp7CrdsatW2
features/mel_dd_2c_coswara/long/hCGWjxLPdKhkAOQkOWtF9fJzQWA2_deep.npy,long,train,hCGWjxLPdKhkAOQkOWtF9fJzQWA2
features/mel_dd_2c_coswara/long/jRjAYMmAQee5uVm5fU8yVnpuvs33_deep.npy,long,train,jRjAYMmAQee5uVm5fU8yVnpuvs33
features/mel_dd_2c_coswara/long/05acPS4aRGfvuOfku11Za8zve8i2_deep.npy,short,train,05acPS4aRGfvuOfku11Za8zve8i2
features/mel_dd_2c_coswara/long/20200415_D1d4hc9MrgTDxgAhqpTgqOEJtLp2_deep.npy,long,test,D1d4hc9MrgTDxgAhqpTgqOEJtLp2
features/mel_dd_2c_coswara/long/qhYsqvdV41c4THE9gd4ugJqIYW03_deep.npy,short,train,qhYsqvdV41c4THE9gd4ugJqIYW03
features/mel_dd_2c_coswara/long/20200413_AI4aa1tjlXQw4iOH4RuTvgMtK3G3_deep.npy,long,train,AI4aa1tjlXQw4iOH4RuTvgMtK3G3
features/mel_dd_2c_coswara/long/aB7zSIAFW7bCmQC7IBUWFjNncTF3_deep.npy,long,train,aB7zSIAFW7bCmQC7IBUWFjNncTF3
features/mel_dd_2c_coswara/long/7TCSKiPfz5g0WKicjrKDC0BGURI2_deep.npy,long,train,7TCSKiPfz5g0WKicjrKDC0BGURI2
features/mel_dd_2c_coswara/long/RN1h8pdpLkMEdRKNVZvFJZqWfGD2_deep.npy,long,train,RN1h8pdpLkMEdRKNVZvFJZqWfGD2
features/mel_dd_2c_coswara/long/20200415_nkSUWnQgO0Tn7flFkVp7CrdsatW2_deep.npy,long,train,nkSUWnQgO0Tn7flFkVp7CrdsatW2
features/mel_dd_2c_coswara/long/AI4aa1tjlXQw4iOH4RuTvgMtK3G3_deep.npy,long,train,AI4aa1tjlXQw4iOH4RuTvgMtK3G3
features/mel_dd_2c_coswara/long/wXChdMlWemXwRdX642WnX6JbYfA2_deep.npy,long,val,wXChdMlWemXwRdX642WnX6JbYfA2
features/mel_dd_2c_coswara/long/hte8VptUoGVFEqvHpbh5brgfcNP2_deep.npy,short,val,hte8VptUoGVFEqvHpbh5brgfcNP2
features/mel_dd_2c_coswara/long/quF8xZxqK8NnszkwktXovmZ9fBT2_deep.npy,short,train,quF8xZxqK8NnszkwktXovmZ9fBT2
features/mel_dd_2c_coswara/long/pOZwqBg4NsVYWASmwwhXFq4UlpC2_deep.npy,short,val,pOZwqBg4NsVYWASmwwhXFq4UlpC2
features/mel_dd_2c_coswara/long/rf6smT3AxxYh5E5LqwXPy0VHrRr1_deep.npy,long,train,rf6smT3AxxYh5E5LqwXPy0VHrRr1
features/mel_dd_2c_coswara/long/UV965HIG9saPO9HjKNFSm2aFeBt2_deep.npy,long,val,UV965HIG9saPO9HjKNFSm2aFeBt2
features/mel_dd_2c_coswara/long/20200413_QQbzKidDxHQ0eZFEL4uG68s1lc02_deep.npy,long,train,QQbzKidDxHQ0eZFEL4uG68s1lc02
features/mel_dd_2c_coswara/long/DQbyjZoEh1chrWRqOkPrUsxvqpv2_deep.npy,long,val,DQbyjZoEh1chrWRqOkPrUsxvqpv2
features/mel_dd_2c_coswara/long/20200415_PfuMI67JW2h6z4MsRDegrhZ8FSH2_deep.npy,long,train,PfuMI67JW2h6z4MsRDegrhZ8FSH2
features/mel_dd_2c_coswara/long/20200415_wwedtVmUE2dHLXmCHaIXW4uGRmq2_deep.npy,long,train,wwedtVmUE2dHLXmCHaIXW4uGRmq2
features/mel_dd_2c_coswara/long/LqGeCxef4fN4IPanKEbWkO1fAwJ3_deep.npy,long,train,LqGeCxef4fN4IPanKEbWkO1fAwJ3
features/mel_dd_2c_coswara/long/20200413_FLhjsgqrgQMKwNt5iEryxG5sDlW2_deep.npy,long,train,FLhjsgqrgQMKwNt5iEryxG5sDlW2
features/mel_dd_2c_coswara/long/20200415_6sUnPQNXQCYawfmLL8Pg91UxoiI3_deep.npy,short,test,6sUnPQNXQCYawfmLL8Pg91UxoiI3
features/mel_dd_2c_coswara/long/n1A8G19t3IR9wCUhfv5sZFF9pvI2_deep.npy,long,train,n1A8G19t3IR9wCUhfv5sZFF9pvI2
features/mel_dd_2c_coswara/long/aPGmE5oG8zRtIVECwyuUT0ussn02_deep.npy,long,val,aPGmE5oG8zRtIVECwyuUT0ussn02
features/mel_dd_2c_coswara/long/GpkFX9qB33ZsvFG4HWQHkOMWjFW2_deep.npy,short,train,GpkFX9qB33ZsvFG4HWQHkOMWjFW2
features/mel_dd_2c_coswara/long/Fuj8ConlkeNoRot2tyMMyzYCKfo2_deep.npy,long,test,Fuj8ConlkeNoRot2tyMMyzYCKfo2
features/mel_dd_2c_coswara/long/QKEe27GzshbGSIGQZ6nB6lpLb7l2_deep.npy,long,train,QKEe27GzshbGSIGQZ6nB6lpLb7l2
features/mel_dd_2c_coswara/long/20200413_UV965HIG9saPO9HjKNFSm2aFeBt2_deep.npy,long,val,UV965HIG9saPO9HjKNFSm2aFeBt2
features/mel_dd_2c_coswara/long/QQbzKidDxHQ0eZFEL4uG68s1lc02_deep.npy,long,train,QQbzKidDxHQ0eZFEL4uG68s1lc02
features/mel_dd_2c_coswara/long/p2aSmxkCu5fzI6FfIGwYEMYEChl2_deep.npy,long,train,p2aSmxkCu5fzI6FfIGwYEMYEChl2
features/mel_dd_2c_coswara/long/6fqe8i160qM5rtC4uHrlu3MZXe32_deep.npy,long,train,6fqe8i160qM5rtC4uHrlu3MZXe32
features/mel_dd_2c_coswara/long/d2Z7BHOMYlaJlksH8MiGJ9wKlBX2_deep.npy,long,test,d2Z7BHOMYlaJlksH8MiGJ9wKlBX2
features/mel_dd_2c_coswara/long/UVQ8rnPQiYbVAuvPI1uGYIJZmQZ2_deep.npy,long,train,UVQ8rnPQiYbVAuvPI1uGYIJZmQZ2
features/mel_dd_2c_coswara/long/FLhjsgqrgQMKwNt5iEryxG5sDlW2_deep.npy,long,train,FLhjsgqrgQMKwNt5iEryxG5sDlW2
features/mel_dd_2c_coswara/long/20200413_LqGeCxef4fN4IPanKEbWkO1fAwJ3_deep.npy,long,train,LqGeCxef4fN4IPanKEbWkO1fAwJ3
features/mel_dd_2c_coswara/long/60JfHHIcNZUf9lCy68R1Cgl69ZN2_deep.npy,long,train,60JfHHIcNZUf9lCy68R1Cgl69ZN2
features/mel_dd_2c_coswara/long/20200415_ImU3ZpdqkRPNAy6Ol61zoGuq8sj1_deep.npy,long,train,ImU3ZpdqkRPNAy6Ol61zoGuq8sj1
features/mel_dd_2c_coswara/long/lN6Y7317RFS0apVdnffs95djXIj1_deep.npy,short,train,lN6Y7317RFS0apVdnffs95djXIj1
features/mel_dd_2c_coswara/long/8jj80VIjJDhstlysp9ak8kFJwex1_deep.npy,short,train,8jj80VIjJDhstlysp9ak8kFJwex1
features/mel_dd_2c_coswara/long/kSpAg8AzirdsL3U6KOWUFDj0pny1_deep.npy,long,train,kSpAg8AzirdsL3U6KOWUFDj0pny1
features/mel_dd_2c_coswara/long/Y635Ri3QFMcOKC0ckXgW2r0xJ422_deep.npy,long,train,Y635Ri3QFMcOKC0ckXgW2r0xJ422
features/mel_dd_2c_coswara/long/20200415_0KOy96zEUfdMY4rZzwrDT0gMPDa2_deep.npy,long,val,0KOy96zEUfdMY4rZzwrDT0gMPDa2
features/mel_dd_2c_coswara/long/OPOiHCtB3WXhEdnsofhMpnP8bak1_deep.npy,short,train,OPOiHCtB3WXhEdnsofhMpnP8bak1
features/mel_dd_2c_coswara/long/qqMKI7lvNFO8aQqGkWs0lvww3zJ2_deep.npy,long,train,qqMKI7lvNFO8aQqGkWs0lvww3zJ2
features/mel_dd_2c_coswara/long/CStOCq03YfgBopyDsibRbZlahm13_deep.npy,long,train,CStOCq03YfgBopyDsibRbZlahm13
features/mel_dd_2c_coswara/long/20200415_FNjPKyX47sUuQlzMc1urJ3VB3YE3_deep.npy,long,train,FNjPKyX47sUuQlzMc1urJ3VB3YE3
features/mel_dd_2c_coswara/long/aNOpaVGqF7PiG5n1ln5B1VJnmCO2_deep.npy,short,test,aNOpaVGqF7PiG5n1ln5B1VJnmCO2
features/mel_dd_2c_coswara/long/7Xzlu6oIWGc0odCvFMQkr612jVr1_deep.npy,short,test,7Xzlu6oIWGc0odCvFMQkr612jVr1
features/mel_dd_2c_coswara/long/dWeafY7aXUadwWiTVJinx7sftGl2_deep.npy,long,train,dWeafY7aXUadwWiTVJinx7sftGl2
features/mel_dd_2c_coswara/long/JLXdsKrUesSLpwUOMSqQFfYwtZ82_deep.npy,long,train,JLXdsKrUesSLpwUOMSqQFfYwtZ82
features/mel_dd_2c_coswara/long/3qA9Ym3caTbMsegKE0yUvLdapHi1_deep.npy,short,train,3qA9Ym3caTbMsegKE0yUvLdapHi1
features/mel_dd_2c_coswara/long/rjI1qyc5W6RkajiRcmde0VISAIF3_deep.npy,short,train,rjI1qyc5W6RkajiRcmde0VISAIF3
features/mel_dd_2c_coswara/long/MViWQGORcQfI5lGwqT4CDXP9iHG3_deep.npy,long,train,MViWQGORcQfI5lGwqT4CDXP9iHG3
features/mel_dd_2c_coswara/long/cLXikKTj0Hghh6qnvuvfKaqaGFw2_deep.npy,long,train,cLXikKTj0Hghh6qnvuvfKaqaGFw2
features/mel_dd_2c_coswara/long/OPgL5r9gSiOhpOtFGVK8e0kN4o73_deep.npy,short,train,OPgL5r9gSiOhpOtFGVK8e0kN4o73
features/mel_dd_2c_coswara/long/20200413_LwfZvk9xa6bAJbz4wQGEcyoDOmL2_deep.npy,short,train,LwfZvk9xa6bAJbz4wQGEcyoDOmL2
features/mel_dd_2c_coswara/long/0pqMnxeSybfQnGV9nHW3P69FSzE3_deep.npy,short,train,0pqMnxeSybfQnGV9nHW3P69FSzE3
features/mel_dd_2c_coswara/long/20200415_1kj3twlB9PcVyePxzqNGwnkYZZx2_deep.npy,long,train,1kj3twlB9PcVyePxzqNGwnkYZZx2
features/mel_dd_2c_coswara/long/6EIX9NrJ1oWfURDgcOsxZ8j4z5o2_deep.npy,long,test,6EIX9NrJ1oWfURDgcOsxZ8j4z5o2
features/mel_dd_2c_coswara/long/LwfZvk9xa6bAJbz4wQGEcyoDOmL2_deep.npy,short,train,LwfZvk9xa6bAJbz4wQGEcyoDOmL2
features/mel_dd_2c_coswara/long/1e8i6Q47ewbzrTiKqIeOLEvPv2Z2_deep.npy,short,val,1e8i6Q47ewbzrTiKqIeOLEvPv2Z2
features/mel_dd_2c_coswara/long/6igAuPMTp6YCmFo4g6qp9Cj8t1k1_deep.npy,long,train,6igAuPMTp6YCmFo4g6qp9Cj8t1k1
features/mel_dd_2c_coswara/long/G5kUP2QOpVSyjK6Q9rzblmTU9vW2_deep.npy,short,test,G5kUP2QOpVSyjK6Q9rzblmTU9vW2
features/mel_dd_2c_coswara/long/NZ7eJVaMFDMMhpOKZ1ztgkr3fVO2_deep.npy,long,test,NZ7eJVaMFDMMhpOKZ1ztgkr3fVO2
features/mel_dd_2c_coswara/long/20200415_H0tBSJN5l8db5f6xB2yMm6QxjFO2_deep.npy,long,train,H0tBSJN5l8db5f6xB2yMm6QxjFO2
features/mel_dd_2c_coswara/long/20200415_O9jPNdypMudWbGGiqtlgi4ae2er1_deep.npy,short,train,O9jPNdypMudWbGGiqtlgi4ae2er1
features/mel_dd_2c_coswara/long/GBZ88OAxQfg6NBTxjDRI0Pf59mq1_deep.npy,short,train,GBZ88OAxQfg6NBTxjDRI0Pf59mq1
features/mel_dd_2c_coswara/long/KL32QXSSnLZlRRT2B6rQQQKgpx12_deep.npy,short,test,KL32QXSSnLZlRRT2B6rQQQKgpx12
features/mel_dd_2c_coswara/long/J1YTIleE4HWC6wCg1gIC1N4Hgw13_deep.npy,long,train,J1YTIleE4HWC6wCg1gIC1N4Hgw13
features/mel_dd_2c_coswara/long/1kj3twlB9PcVyePxzqNGwnkYZZx2_deep.npy,long,train,1kj3twlB9PcVyePxzqNGwnkYZZx2
features/mel_dd_2c_coswara/long/20200413_XUsJp0qysAPtu3vBI0UCiHRJhZ22_deep.npy,long,train,XUsJp0qysAPtu3vBI0UCiHRJhZ22
features/mel_dd_2c_coswara/long/DINJ1hI4xpQ0fcf7TsZN4pjXrol2_deep.npy,long,train,DINJ1hI4xpQ0fcf7TsZN4pjXrol2
features/mel_dd_2c_coswara/long/20200413_KL32QXSSnLZlRRT2B6rQQQKgpx12_deep.npy,short,test,KL32QXSSnLZlRRT2B6rQQQKgpx12
features/mel_dd_2c_coswara/long/sCIEJBR6IqPCVT23smYLECEv9qE3_deep.npy,short,train,sCIEJBR6IqPCVT23smYLECEv9qE3
features/mel_dd_2c_coswara/long/H0tBSJN5l8db5f6xB2yMm6QxjFO2_deep.npy,long,train,H0tBSJN5l8db5f6xB2yMm6QxjFO2
features/mel_dd_2c_coswara/long/O9jPNdypMudWbGGiqtlgi4ae2er1_deep.npy,short,train,O9jPNdypMudWbGGiqtlgi4ae2er1
features/mel_dd_2c_coswara/long/XUsJp0qysAPtu3vBI0UCiHRJhZ22_deep.npy,long,train,XUsJp0qysAPtu3vBI0UCiHRJhZ22
features/mel_dd_2c_coswara/long/XKn4doW0qvfsdM1VskIcJSPEhyz2_deep.npy,long,train,XKn4doW0qvfsdM1VskIcJSPEhyz2
features/mel_dd_2c_coswara/long/ImU3ZpdqkRPNAy6Ol61zoGuq8sj1_deep.npy,long,train,ImU3ZpdqkRPNAy6Ol61zoGuq8sj1
features/mel_dd_2c_coswara/long/0KOy96zEUfdMY4rZzwrDT0gMPDa2_deep.npy,long,val,0KOy96zEUfdMY4rZzwrDT0gMPDa2
features/mel_dd_2c_coswara/long/MVhuzBxevwRieaQMwOCfiyCCzUK2_deep.npy,long,val,MVhuzBxevwRieaQMwOCfiyCCzUK2
features/mel_dd_2c_coswara/long/TqZXC5KdCZOC4T7p69TUNnU9abD3_deep.npy,short,val,TqZXC5KdCZOC4T7p69TUNnU9abD3
features/mel_dd_2c_coswara/long/FNjPKyX47sUuQlzMc1urJ3VB3YE3_deep.npy,long,train,FNjPKyX47sUuQlzMc1urJ3VB3YE3
features/mel_dd_2c_coswara/long/VWfBoslFF1fFUnApuT6svVPDbi52_deep.npy,long,train,VWfBoslFF1fFUnApuT6svVPDbi52
features/mel_dd_2c_coswara/long/20200415_JLXdsKrUesSLpwUOMSqQFfYwtZ82_deep.npy,long,train,JLXdsKrUesSLpwUOMSqQFfYwtZ82
features/mel_dd_2c_coswara/long/z7RqPeGUQ4X8rxD6ftMf9i4ZE3w2_deep.npy,long,train,z7RqPeGUQ4X8rxD6ftMf9i4ZE3w2
features/mel_dd_2c_coswara/long/sxkvX8kn2eQnE8pbiKR58Ruea3n2_deep.npy,long,val,sxkvX8kn2eQnE8pbiKR58Ruea3n2
features/mel_dd_2c_coswara/long/aU8pLZV1OUQJV0GKeeIlgWhYWeA2_deep.npy,long,val,aU8pLZV1OUQJV0GKeeIlgWhYWeA2
features/mel_dd_2c_coswara/long/xuXF9GD5zhWX6SqjzWsrUWvevhh2_deep.npy,short,train,xuXF9GD5zhWX6SqjzWsrUWvevhh2
features/mel_dd_2c_coswara/long/20200415_rjI1qyc5W6RkajiRcmde0VISAIF3_deep.npy,short,train,rjI1qyc5W6RkajiRcmde0VISAIF3
features/mel_dd_2c_coswara/long/20200413_kIHldMnyvmXvpLq0LjWr7ecclSj2_deep.npy,short,train,kIHldMnyvmXvpLq0LjWr7ecclSj2
features/mel_dd_2c_coswara/long/VcmjCfW6ddgE9lFhDXTO6hDlb452_deep.npy,short,val,VcmjCfW6ddgE9lFhDXTO6hDlb452
features/mel_dd_2c_coswara/long/KqhQ8Eo62fYCdBse8NiW1BYCtxp1_deep.npy,long,train,KqhQ8Eo62fYCdBse8NiW1BYCtxp1
features/mel_dd_2c_coswara/long/3VWhvtBFHKMgEKxlXzMYeg5NeBN2_deep.npy,long,test,3VWhvtBFHKMgEKxlXzMYeg5NeBN2
features/mel_dd_2c_coswara/long/20200415_M1RgcbGDbWbsxNkmPHlrh9J9n572_deep.npy,long,train,M1RgcbGDbWbsxNkmPHlrh9J9n572
features/mel_dd_2c_coswara/long/cf4RgKotFbYPn2HsLdxHyiChY3I2_deep.npy,short,train,cf4RgKotFbYPn2HsLdxHyiChY3I2
features/mel_dd_2c_coswara/long/RUG3ss3JaEVElB4LvuOrW8wC1pD2_deep.npy,short,train,RUG3ss3JaEVElB4LvuOrW8wC1pD2
features/mel_dd_2c_coswara/long/P8Qw2Prg2BRb7H72PbY3Dftp9Rv2_deep.npy,long,val,P8Qw2Prg2BRb7H72PbY3Dftp9Rv2
features/mel_dd_2c_coswara/long/QlMu7Fl8iIgOZM3QHEOzOJY6npH3_deep.npy,short,train,QlMu7Fl8iIgOZM3QHEOzOJY6npH3
features/mel_dd_2c_coswara/long/H6bxcGub1wOdaWWZ7kyk8KYuswf1_deep.npy,long,train,H6bxcGub1wOdaWWZ7kyk8KYuswf1
features/mel_dd_2c_coswara/long/kIHldMnyvmXvpLq0LjWr7ecclSj2_deep.npy,short,train,kIHldMnyvmXvpLq0LjWr7ecclSj2
features/mel_dd_2c_coswara/long/20200415_bGAOAliULjMQIFSvoMFuNCedl582_deep.npy,long,train,bGAOAliULjMQIFSvoMFuNCedl582
features/mel_dd_2c_coswara/long/yWp5tMRFDzbbeEe2csKNd909fqh1_deep.npy,long,train,yWp5tMRFDzbbeEe2csKNd909fqh1
features/mel_dd_2c_coswara/long/T190nKNqKoPk02FHlHYJTBDUnPA2_deep.npy,short,train,T190nKNqKoPk02FHlHYJTBDUnPA2
features/mel_dd_2c_coswara/long/20200413_VcmjCfW6ddgE9lFhDXTO6hDlb452_deep.npy,short,val,VcmjCfW6ddgE9lFhDXTO6hDlb452
features/mel_dd_2c_coswara/long/fKZtrxD1qFVpLIgnmwEzWvnQZc83_deep.npy,long,train,fKZtrxD1qFVpLIgnmwEzWvnQZc83
features/mel_dd_2c_coswara/long/20200413_3VWhvtBFHKMgEKxlXzMYeg5NeBN2_deep.npy,long,test,3VWhvtBFHKMgEKxlXzMYeg5NeBN2
features/mel_dd_2c_coswara/long/20200415_YXqC5B7h7iQZH3RubUFG6SBvZ5L2_deep.npy,long,train,YXqC5B7h7iQZH3RubUFG6SBvZ5L2
features/mel_dd_2c_coswara/long/Ou2g3o2wWgXZuyjlZr8ZABItDYx1_deep.npy,long,val,Ou2g3o2wWgXZuyjlZr8ZABItDYx1
features/mel_dd_2c_coswara/long/UhGuA2vn7sUfKJRENR472IxQaEu2_deep.npy,long,train,UhGuA2vn7sUfKJRENR472IxQaEu2
features/mel_dd_2c_coswara/long/HwUhcAKwJIeckUi86cbzb3sTr5m2_deep.npy,short,val,HwUhcAKwJIeckUi86cbzb3sTr5m2
features/mel_dd_2c_coswara/long/dxKWK5iTjWdjch9zRGCnc7R0eeq2_deep.npy,long,val,dxKWK5iTjWdjch9zRGCnc7R0eeq2
features/mel_dd_2c_coswara/long/20200415_sSJoDuR1etTsr85E8wRfxIvfiCf1_deep.npy,long,test,sSJoDuR1etTsr85E8wRfxIvfiCf1
features/mel_dd_2c_coswara/long/20200413_2XgDqzQkqLX9SbmSHfbqdRxSmRD2_deep.npy,long,train,2XgDqzQkqLX9SbmSHfbqdRxSmRD2
features/mel_dd_2c_coswara/long/NxnNleTNUYaE2lndP2HIlGUbimy1_deep.npy,long,train,NxnNleTNUYaE2lndP2HIlGUbimy1
features/mel_dd_2c_coswara/long/SiEdfz3YnndtOTlm8CIVK4YQcg42_deep.npy,long,train,SiEdfz3YnndtOTlm8CIVK4YQcg42
features/mel_dd_2c_coswara/long/DsEh7p2DEgWLuhbSTrqgQnTJJjC2_deep.npy,long,train,DsEh7p2DEgWLuhbSTrqgQnTJJjC2
features/mel_dd_2c_coswara/long/HLrE1Z2wnQSraudLRqiWgR154rA3_deep.npy,long,test,HLrE1Z2wnQSraudLRqiWgR154rA3
features/mel_dd_2c_coswara/long/r0XiFJDYZCMvV7xT8LowfFV3DJQ2_deep.npy,long,train,r0XiFJDYZCMvV7xT8LowfFV3DJQ2
features/mel_dd_2c_coswara/long/EAqrht1aIXZSoBIuuULWnWTjwQr2_deep.npy,long,train,EAqrht1aIXZSoBIuuULWnWTjwQr2
features/mel_dd_2c_coswara/long/RXZtiZlgDxObuYr4m2s8eSavVg72_deep.npy,long,val,RXZtiZlgDxObuYr4m2s8eSavVg72
features/mel_dd_2c_coswara/long/oabgqJNwZpUwhlXxXG67cTLlLv42_deep.npy,long,train,oabgqJNwZpUwhlXxXG67cTLlLv42
features/mel_dd_2c_coswara/long/2XgDqzQkqLX9SbmSHfbqdRxSmRD2_deep.npy,long,train,2XgDqzQkqLX9SbmSHfbqdRxSmRD2
features/mel_dd_2c_coswara/long/3RBbwztykUWGLJ5UmBZoL5pqOtA3_deep.npy,short,train,3RBbwztykUWGLJ5UmBZoL5pqOtA3
features/mel_dd_2c_coswara/long/BMhTCbqVnHNePVbFulnWNu6ZSUg2_deep.npy,long,train,BMhTCbqVnHNePVbFulnWNu6ZSUg2
features/mel_dd_2c_coswara/long/WBNoFWUY9MhZOfFiLvIDsfIWnSZ2_deep.npy,long,train,WBNoFWUY9MhZOfFiLvIDsfIWnSZ2
features/mel_dd_2c_coswara/long/20200413_eZ9KEu3fmEgvxINqgcbkBXoEsv53_deep.npy,long,train,eZ9KEu3fmEgvxINqgcbkBXoEsv53
features/mel_dd_2c_coswara/long/0bcMNFt3dlPlUPTyCO8DVAlbTUC3_deep.npy,long,val,0bcMNFt3dlPlUPTyCO8DVAlbTUC3
features/mel_dd_2c_coswara/long/bk1oHM5vebe9ZNtgyRq54UVOIQR2_deep.npy,long,train,bk1oHM5vebe9ZNtgyRq54UVOIQR2
features/mel_dd_2c_coswara/long/20200415_dxKWK5iTjWdjch9zRGCnc7R0eeq2_deep.npy,long,val,dxKWK5iTjWdjch9zRGCnc7R0eeq2
features/mel_dd_2c_coswara/long/20200413_w1TDsR75t5PsGyAksqF3kMQ6DXT2_deep.npy,long,train,w1TDsR75t5PsGyAksqF3kMQ6DXT2
features/mel_dd_2c_coswara/long/xRTpzeZwMiQaC5YCnlXZeDwgcvL2_deep.npy,short,train,xRTpzeZwMiQaC5YCnlXZeDwgcvL2
features/mel_dd_2c_coswara/long/20200415_SiEdfz3YnndtOTlm8CIVK4YQcg42_deep.npy,long,train,SiEdfz3YnndtOTlm8CIVK4YQcg42
features/mel_dd_2c_coswara/long/2csA9O1LIDQd55vbgSb3Nbva2UE3_deep.npy,long,test,2csA9O1LIDQd55vbgSb3Nbva2UE3
features/mel_dd_2c_coswara/long/qCHWeITBZrVHGPrFEiW1C6rnjp72_deep.npy,long,train,qCHWeITBZrVHGPrFEiW1C6rnjp72
features/mel_dd_2c_coswara/long/fuCq7eA5CPYcnRpJqc0hFSr8klr2_deep.npy,short,test,fuCq7eA5CPYcnRpJqc0hFSr8klr2
features/mel_dd_2c_coswara/long/RfrT8p9208NHn3170qOYmxel8Kw2_deep.npy,long,train,RfrT8p9208NHn3170qOYmxel8Kw2
features/mel_dd_2c_coswara/long/sSJoDuR1etTsr85E8wRfxIvfiCf1_deep.npy,long,test,sSJoDuR1etTsr85E8wRfxIvfiCf1
features/mel_dd_2c_coswara/long/w1TDsR75t5PsGyAksqF3kMQ6DXT2_deep.npy,long,train,w1TDsR75t5PsGyAksqF3kMQ6DXT2
features/mel_dd_2c_coswara/long/20200415_RXZtiZlgDxObuYr4m2s8eSavVg72_deep.npy,long,val,RXZtiZlgDxObuYr4m2s8eSavVg72
features/mel_dd_2c_coswara/long/eZ9KEu3fmEgvxINqgcbkBXoEsv53_deep.npy,long,train,eZ9KEu3fmEgvxINqgcbkBXoEsv53
features/mel_dd_2c_coswara/long/6T43bddKoKfG7MwnJWvrPZSsyrc2_deep.npy,short,test,6T43bddKoKfG7MwnJWvrPZSsyrc2
features/mel_dd_2c_coswara/long/zM5GsorprLYElGQ3uJwnU0g0Fwr1_deep.npy,long,train,zM5GsorprLYElGQ3uJwnU0g0Fwr1
features/mel_dd_2c_coswara/long/y1BNWatVkKPrYY9TfvTnWjZVaJp2_deep.npy,long,train,y1BNWatVkKPrYY9TfvTnWjZVaJp2
features/mel_dd_2c_coswara/long/QjBZv868nydJzk0ZzwgKDHSG6Q82_deep.npy,short,train,QjBZv868nydJzk0ZzwgKDHSG6Q82
features/mel_dd_2c_coswara/long/F6QzdFvGdwarlCWLBfsrGJ5Vgci1_deep.npy,short,test,F6QzdFvGdwarlCWLBfsrGJ5Vgci1
features/mel_dd_2c_coswara/long/JecvGmjPyEVl7y6fupTTp6QZvoJ2_deep.npy,long,train,JecvGmjPyEVl7y6fupTTp6QZvoJ2
features/mel_dd_2c_coswara/long/ZiwS2q40gsX5X7pMp0y30PUFpE93_deep.npy,long,test,ZiwS2q40gsX5X7pMp0y30PUFpE93
features/mel_dd_2c_coswara/long/65JopCV7ExeP1scqYfg8nP5KjKy2_deep.npy,short,train,65JopCV7ExeP1scqYfg8nP5KjKy2
features/mel_dd_2c_coswara/long/AS7IWnzwSnZ6IzknBA0G7uLYEeT2_deep.npy,long,train,AS7IWnzwSnZ6IzknBA0G7uLYEeT2
features/mel_dd_2c_coswara/long/20200415_KqhQ8Eo62fYCdBse8NiW1BYCtxp1_deep.npy,long,train,KqhQ8Eo62fYCdBse8NiW1BYCtxp1
features/mel_dd_2c_coswara/long/xrVSOYVRn2RTVm7arbPJztWNCoI3_deep.npy,short,test,xrVSOYVRn2RTVm7arbPJztWNCoI3
features/mel_dd_2c_coswara/long/M1RgcbGDbWbsxNkmPHlrh9J9n572_deep.npy,long,train,M1RgcbGDbWbsxNkmPHlrh9J9n572
features/mel_dd_2c_coswara/long/XWseLAgCciNYqDmCI43OF2hZ56x2_deep.npy,short,test,XWseLAgCciNYqDmCI43OF2hZ56x2
features/mel_dd_2c_coswara/long/YHHZYBxPHsUWYITjtMRAixs3DX42_deep.npy,long,train,YHHZYBxPHsUWYITjtMRAixs3DX42
features/mel_dd_2c_coswara/long/20200413_XVjp63ocWZRqJRdxCtklUfmdklm2_deep.npy,long,test,XVjp63ocWZRqJRdxCtklUfmdklm2
features/mel_dd_2c_coswara/long/yZuoG6z3pRfycT6JKqwqKDMj4tM2_deep.npy,short,test,yZuoG6z3pRfycT6JKqwqKDMj4tM2
features/mel_dd_2c_coswara/long/20200413_CrlV0ddIqdbtxNnkIhtPS5dvoX42_deep.npy,short,train,CrlV0ddIqdbtxNnkIhtPS5dvoX42
features/mel_dd_2c_coswara/long/20200415_QlMu7Fl8iIgOZM3QHEOzOJY6npH3_deep.npy,short,train,QlMu7Fl8iIgOZM3QHEOzOJY6npH3
features/mel_dd_2c_coswara/long/R4AY1hLOZtUJRsYeDGgGZR4sKVP2_deep.npy,long,train,R4AY1hLOZtUJRsYeDGgGZR4sKVP2
features/mel_dd_2c_coswara/long/20200415_P8Qw2Prg2BRb7H72PbY3Dftp9Rv2_deep.npy,long,val,P8Qw2Prg2BRb7H72PbY3Dftp9Rv2
features/mel_dd_2c_coswara/long/y2ceQRvov6OusKPKa7okrqRHkLo2_deep.npy,long,test,y2ceQRvov6OusKPKa7okrqRHkLo2
features/mel_dd_2c_coswara/long/bGAOAliULjMQIFSvoMFuNCedl582_deep.npy,long,train,bGAOAliULjMQIFSvoMFuNCedl582
features/mel_dd_2c_coswara/long/YXqC5B7h7iQZH3RubUFG6SBvZ5L2_deep.npy,long,train,YXqC5B7h7iQZH3RubUFG6SBvZ5L2
features/mel_dd_2c_coswara/long/qwN4ODyxmhSTFKJvyukaejL3Pa53_deep.npy,short,val,qwN4ODyxmhSTFKJvyukaejL3Pa53
features/mel_dd_2c_coswara/long/20200415_UhGuA2vn7sUfKJRENR472IxQaEu2_deep.npy,long,train,UhGuA2vn7sUfKJRENR472IxQaEu2
features/mel_dd_2c_coswara/long/XVjp63ocWZRqJRdxCtklUfmdklm2_deep.npy,long,test,XVjp63ocWZRqJRdxCtklUfmdklm2
features/mel_dd_2c_coswara/long/CrlV0ddIqdbtxNnkIhtPS5dvoX42_deep.npy,short,train,CrlV0ddIqdbtxNnkIhtPS5dvoX42
features/mel_dd_2c_coswara/long/mKBsyZetDPhcRaL8ZCD0E0HXzda2_deep.npy,long,val,mKBsyZetDPhcRaL8ZCD0E0HXzda2
features/mel_dd_2c_coswara/long/K8QeHIukfghK4kOQx8LnffbLWP12_deep.npy,long,test,K8QeHIukfghK4kOQx8LnffbLWP12
features/mel_dd_2c_coswara/long/dosEoi5rKRVXDZzENH1QpxCfPWu1_deep.npy,long,val,dosEoi5rKRVXDZzENH1QpxCfPWu1
features/mel_dd_2c_coswara/long/C5eIsssb9GSkaAgIfsHMHeR6fSh1_deep.npy,long,test,C5eIsssb9GSkaAgIfsHMHeR6fSh1
features/mel_dd_2c_coswara/long/20200415_vtVLtX1PGdX2b2fhF18Fk6DULZ03_deep.npy,long,test,vtVLtX1PGdX2b2fhF18Fk6DULZ03
features/mel_dd_2c_coswara/long/h0XfL2JtCLb7hgupJ7lLQJ0fzgF2_deep.npy,long,test,h0XfL2JtCLb7hgupJ7lLQJ0fzgF2
features/mel_dd_2c_coswara/long/xyDgyXrDoyXu5CFqcNe20LRjYqg1_deep.npy,long,train,xyDgyXrDoyXu5CFqcNe20LRjYqg1
features/mel_dd_2c_coswara/long/K0LmigcBKlRdTAlrCyfmBJaQJwk1_deep.npy,short,train,K0LmigcBKlRdTAlrCyfmBJaQJwk1
features/mel_dd_2c_coswara/long/20200415_2j94Kg8TewQwjwbrRyto6seGsut1_deep.npy,short,train,2j94Kg8TewQwjwbrRyto6seGsut1
features/mel_dd_2c_coswara/long/20200415_g0gdNMhQIbUlZRTod20TdtqafgJ3_deep.npy,short,train,g0gdNMhQIbUlZRTod20TdtqafgJ3
features/mel_dd_2c_coswara/long/20200413_9D1go0wkvuPkFebFk4uQQpcBuZw1_deep.npy,long,val,9D1go0wkvuPkFebFk4uQQpcBuZw1
features/mel_dd_2c_coswara/long/4e9u1T1conYlXIQp89SQRgMPScY2_deep.npy,long,train,4e9u1T1conYlXIQp89SQRgMPScY2
features/mel_dd_2c_coswara/long/MSqyNEX5gYfLNib5Lim9IyDnNVu2_deep.npy,long,train,MSqyNEX5gYfLNib5Lim9IyDnNVu2
features/mel_dd_2c_coswara/long/2n0fnSeTNiWvPi7aLxRrFsCGU8D2_deep.npy,long,train,2n0fnSeTNiWvPi7aLxRrFsCGU8D2
features/mel_dd_2c_coswara/long/euLpkmzCb1cGb2gkZRQ6gh7hGsC3_deep.npy,long,train,euLpkmzCb1cGb2gkZRQ6gh7hGsC3
features/mel_dd_2c_coswara/long/20200415_HxbOUFGbq4fKbs0nTLUQ5UmlZ9y2_deep.npy,short,train,HxbOUFGbq4fKbs0nTLUQ5UmlZ9y2
features/mel_dd_2c_coswara/long/9D1go0wkvuPkFebFk4uQQpcBuZw1_deep.npy,long,val,9D1go0wkvuPkFebFk4uQQpcBuZw1
features/mel_dd_2c_coswara/long/E3X8YtvZzYZiXwBevZEAByJc2v63_deep.npy,long,train,E3X8YtvZzYZiXwBevZEAByJc2v63
features/mel_dd_2c_coswara/long/20200413_xyDgyXrDoyXu5CFqcNe20LRjYqg1_deep.npy,long,train,xyDgyXrDoyXu5CFqcNe20LRjYqg1
features/mel_dd_2c_coswara/long/4kBWmFxHZVReUAO5oltW8mWLvSB2_deep.npy,short,val,4kBWmFxHZVReUAO5oltW8mWLvSB2
features/mel_dd_2c_coswara/long/20200415_5eEXozx61BXKT71PLRaQASRcC832_deep.npy,long,val,5eEXozx61BXKT71PLRaQASRcC832
features/mel_dd_2c_coswara/long/A9YX4pRpOyW1PuuL9YjMs0kFQI03_deep.npy,long,train,A9YX4pRpOyW1PuuL9YjMs0kFQI03
features/mel_dd_2c_coswara/long/VLrOagtGVFYxWiEnMVFn1BnSWHM2_deep.npy,short,train,VLrOagtGVFYxWiEnMVFn1BnSWHM2
features/mel_dd_2c_coswara/long/aGOvk4ji0cVqIzCs1jHnzlw2UEy2_deep.npy,long,train,aGOvk4ji0cVqIzCs1jHnzlw2UEy2
features/mel_dd_2c_coswara/long/YR33hHou5PgrLYv2L1mLzHE4na12_deep.npy,long,test,YR33hHou5PgrLYv2L1mLzHE4na12
features/mel_dd_2c_coswara/long/7yQ29b3Q1KfOIk5K1MSeGTsWqGB2_deep.npy,long,train,7yQ29b3Q1KfOIk5K1MSeGTsWqGB2
features/mel_dd_2c_coswara/long/BPQxhBSlypXZICqfsmZcUYBxFmz1_deep.npy,short,train,BPQxhBSlypXZICqfsmZcUYBxFmz1
features/mel_dd_2c_coswara/long/LwOBSX8F07Z5HgRGLFS3aOQEVKk2_deep.npy,short,train,LwOBSX8F07Z5HgRGLFS3aOQEVKk2
features/mel_dd_2c_coswara/long/3CwioNQVDBQ6CttLyFVRJpMpVHk2_deep.npy,short,train,3CwioNQVDBQ6CttLyFVRJpMpVHk2
features/mel_dd_2c_coswara/long/AeJcnB6Pl6ayw2YL7whgWyYSVnz2_deep.npy,short,test,AeJcnB6Pl6ayw2YL7whgWyYSVnz2
features/mel_dd_2c_coswara/long/LBNOC0NrwANadd7m4SVO9cT0dyH2_deep.npy,long,test,LBNOC0NrwANadd7m4SVO9cT0dyH2
features/mel_dd_2c_coswara/long/20200415_A6eyvPDHwBNMYFzA65XRMboV96s2_deep.npy,long,train,A6eyvPDHwBNMYFzA65XRMboV96s2
features/mel_dd_2c_coswara/long/IVQDOUP0a8cwMvCkp1TnZ1FI88Z2_deep.npy,long,train,IVQDOUP0a8cwMvCkp1TnZ1FI88Z2
features/mel_dd_2c_coswara/long/FIgw7gymskPu3RGgk3Q6GeSH7yB3_deep.npy,short,train,FIgw7gymskPu3RGgk3Q6GeSH7yB3
features/mel_dd_2c_coswara/long/kJgNi53JN1OeAn5d9BwbUrvUjf43_deep.npy,short,train,kJgNi53JN1OeAn5d9BwbUrvUjf43
features/mel_dd_2c_coswara/long/O4BFgxvAgwbwRGZMkMBJRFnGBbd2_deep.npy,long,test,O4BFgxvAgwbwRGZMkMBJRFnGBbd2
features/mel_dd_2c_coswara/long/20200413_9ypQNsTsSQYlx72wxTLrHzzNoAJ2_deep.npy,long,train,9ypQNsTsSQYlx72wxTLrHzzNoAJ2
features/mel_dd_2c_coswara/long/9hXEs9OejdVxG6JJGCyKQpqVvy43_deep.npy,short,train,9hXEs9OejdVxG6JJGCyKQpqVvy43
features/mel_dd_2c_coswara/long/5eEXozx61BXKT71PLRaQASRcC832_deep.npy,long,val,5eEXozx61BXKT71PLRaQASRcC832
features/mel_dd_2c_coswara/long/igcBoCJELsfzituxLn61lJybxgD2_deep.npy,long,train,igcBoCJELsfzituxLn61lJybxgD2
features/mel_dd_2c_coswara/long/qf3n0FsFJkfsUbOFngrrxDd5x7m1_deep.npy,long,val,qf3n0FsFJkfsUbOFngrrxDd5x7m1
features/mel_dd_2c_coswara/long/6OVT42wvVggUA7rkEuziRRtNNuo2_deep.npy,long,train,6OVT42wvVggUA7rkEuziRRtNNuo2
features/mel_dd_2c_coswara/long/vgaIxe6N8uQfcnstW4gWet53Amt2_deep.npy,long,test,vgaIxe6N8uQfcnstW4gWet53Amt2
features/mel_dd_2c_coswara/long/gjF0L8phdmPxc9az1muox66bQD93_deep.npy,short,train,gjF0L8phdmPxc9az1muox66bQD93
features/mel_dd_2c_coswara/long/20200415_LwOBSX8F07Z5HgRGLFS3aOQEVKk2_deep.npy,short,train,LwOBSX8F07Z5HgRGLFS3aOQEVKk2
features/mel_dd_2c_coswara/long/20200413_O4BFgxvAgwbwRGZMkMBJRFnGBbd2_deep.npy,long,test,O4BFgxvAgwbwRGZMkMBJRFnGBbd2
features/mel_dd_2c_coswara/long/C4DdlIxnpLRtDrdGt97s67gtVJo2_deep.npy,long,train,C4DdlIxnpLRtDrdGt97s67gtVJo2
features/mel_dd_2c_coswara/long/9ypQNsTsSQYlx72wxTLrHzzNoAJ2_deep.npy,long,train,9ypQNsTsSQYlx72wxTLrHzzNoAJ2
features/mel_dd_2c_coswara/long/20200415_7yQ29b3Q1KfOIk5K1MSeGTsWqGB2_deep.npy,long,train,7yQ29b3Q1KfOIk5K1MSeGTsWqGB2
features/mel_dd_2c_coswara/long/3VCMGx9M1tTUiEcjERCBG6iC1Ko1_deep.npy,short,train,3VCMGx9M1tTUiEcjERCBG6iC1Ko1
features/mel_dd_2c_coswara/long/GzhrTQhWHSTwvweRKx2x1Uh4wx52_deep.npy,long,train,GzhrTQhWHSTwvweRKx2x1Uh4wx52
features/mel_dd_2c_coswara/long/J88lvfqwdhSF124B97PL8XHvUnp1_deep.npy,long,train,J88lvfqwdhSF124B97PL8XHvUnp1
features/mel_dd_2c_coswara/long/1gKYFXop8UQtz5vrzrbVcnjX0Vi1_deep.npy,long,train,1gKYFXop8UQtz5vrzrbVcnjX0Vi1
features/mel_dd_2c_coswara/long/TQx9HF2p3pXksgf5YNrpQSh81qu1_deep.npy,long,val,TQx9HF2p3pXksgf5YNrpQSh81qu1
features/mel_dd_2c_coswara/long/20200415_AeJcnB6Pl6ayw2YL7whgWyYSVnz2_deep.npy,short,test,AeJcnB6Pl6ayw2YL7whgWyYSVnz2
features/mel_dd_2c_coswara/long/A6eyvPDHwBNMYFzA65XRMboV96s2_deep.npy,long,train,A6eyvPDHwBNMYFzA65XRMboV96s2
features/mel_dd_2c_coswara/long/ARnHOwUIKyfpC9ryG6AqrTcksmq1_deep.npy,short,train,ARnHOwUIKyfpC9ryG6AqrTcksmq1
features/mel_dd_2c_coswara/long/Fx2gbIoPlJXrK5OD8FMeepOGlLa2_deep.npy,long,val,Fx2gbIoPlJXrK5OD8FMeepOGlLa2
features/mel_dd_2c_coswara/long/iwhEG3FaU2MHsAPbfTtG1f5B4EH3_deep.npy,long,train,iwhEG3FaU2MHsAPbfTtG1f5B4EH3
features/mel_dd_2c_coswara/long/vtVLtX1PGdX2b2fhF18Fk6DULZ03_deep.npy,long,test,vtVLtX1PGdX2b2fhF18Fk6DULZ03
features/mel_dd_2c_coswara/long/20200415_h0XfL2JtCLb7hgupJ7lLQJ0fzgF2_deep.npy,long,test,h0XfL2JtCLb7hgupJ7lLQJ0fzgF2
features/mel_dd_2c_coswara/long/DmKc9V8ZeqQBMqOaGMDZ3mvRIY13_deep.npy,long,train,DmKc9V8ZeqQBMqOaGMDZ3mvRIY13
features/mel_dd_2c_coswara/long/s4cWXeTXzEagPfbizekEnRnDh4p1_deep.npy,short,train,s4cWXeTXzEagPfbizekEnRnDh4p1
features/mel_dd_2c_coswara/long/5xZE8Rq5oihwEixr96NmUmiy7zk1_deep.npy,long,train,5xZE8Rq5oihwEixr96NmUmiy7zk1
features/mel_dd_2c_coswara/long/20200415_dosEoi5rKRVXDZzENH1QpxCfPWu1_deep.npy,long,val,dosEoi5rKRVXDZzENH1QpxCfPWu1
features/mel_dd_2c_coswara/long/g0gdNMhQIbUlZRTod20TdtqafgJ3_deep.npy,short,train,g0gdNMhQIbUlZRTod20TdtqafgJ3
features/mel_dd_2c_coswara/long/2j94Kg8TewQwjwbrRyto6seGsut1_deep.npy,short,train,2j94Kg8TewQwjwbrRyto6seGsut1
features/mel_dd_2c_coswara/long/VrBIdIVnQkPbR9D2Gi7WCb17ST62_deep.npy,short,train,VrBIdIVnQkPbR9D2Gi7WCb17ST62
features/mel_dd_2c_coswara/long/kITWulcVb7cnGpGxSo0bKUE7MAs2_deep.npy,long,test,kITWulcVb7cnGpGxSo0bKUE7MAs2
features/mel_dd_2c_coswara/long/DeMaRSg6lVO7oA6v9HK3mbWjr3r2_deep.npy,short,test,DeMaRSg6lVO7oA6v9HK3mbWjr3r2
features/mel_dd_2c_coswara/long/z5IwU11sIiMROteZ2EuuzBisNex2_deep.npy,short,train,z5IwU11sIiMROteZ2EuuzBisNex2
features/mel_dd_2c_coswara/long/vAdIAlGCrWPPwUGYxkFopen6zq03_deep.npy,short,train,vAdIAlGCrWPPwUGYxkFopen6zq03
features/mel_dd_2c_coswara/long/20200415_E3X8YtvZzYZiXwBevZEAByJc2v63_deep.npy,long,train,E3X8YtvZzYZiXwBevZEAByJc2v63
features/mel_dd_2c_coswara/long/HxbOUFGbq4fKbs0nTLUQ5UmlZ9y2_deep.npy,short,train,HxbOUFGbq4fKbs0nTLUQ5UmlZ9y2
features/mel_dd_2c_coswara/long/20200413_VrBIdIVnQkPbR9D2Gi7WCb17ST62_deep.npy,short,train,VrBIdIVnQkPbR9D2Gi7WCb17ST62
features/mel_dd_2c_coswara/long/yT2MdQkNRvMvI418P1AQ2SystgE3_deep.npy,long,train,yT2MdQkNRvMvI418P1AQ2SystgE3
features/mel_dd_2c_coswara/long/X2oy68UUgdNd97dpzW1ZubPZVIC2_deep.npy,long,train,X2oy68UUgdNd97dpzW1ZubPZVIC2
features/mel_dd_2c_coswara/long/20200415_j0bgqdkBSRaRrpBmJLa1MkkKg593_deep.npy,short,train,j0bgqdkBSRaRrpBmJLa1MkkKg593
features/mel_dd_2c_coswara/long/CZT9HTBNgaQrTVKBjIBUtlu6Dgx1_deep.npy,long,val,CZT9HTBNgaQrTVKBjIBUtlu6Dgx1
features/mel_dd_2c_coswara/long/20200413_CAf8ILsDpQMeTPPLwi7nFlgRT2t1_deep.npy,long,val,CAf8ILsDpQMeTPPLwi7nFlgRT2t1
features/mel_dd_2c_coswara/long/kBFDtvAVY9QYbi7YHYgd7tNpsWx1_deep.npy,long,val,kBFDtvAVY9QYbi7YHYgd7tNpsWx1
features/mel_dd_2c_coswara/long/XbOUJCUl8GWEpQpIRMvujDE1sTE2_deep.npy,short,train,XbOUJCUl8GWEpQpIRMvujDE1sTE2
features/mel_dd_2c_coswara/long/W1c56dgBsoe34ilAX8vAZs8tNcX2_deep.npy,long,val,W1c56dgBsoe34ilAX8vAZs8tNcX2
features/mel_dd_2c_coswara/long/85XodgEaKrPebeSPsJo2UFaDlWj1_deep.npy,short,train,85XodgEaKrPebeSPsJo2UFaDlWj1
features/mel_dd_2c_coswara/long/UUzQFgPDt5cC2mL6zDlgm7LvU4r2_deep.npy,long,train,UUzQFgPDt5cC2mL6zDlgm7LvU4r2
features/mel_dd_2c_coswara/long/0Rlzhiz6bybk77wdLjxwy7yLDhg1_deep.npy,long,train,0Rlzhiz6bybk77wdLjxwy7yLDhg1
features/mel_dd_2c_coswara/long/20200413_uMry1yqi5sNoykw7ySJdITMv2yT2_deep.npy,short,train,uMry1yqi5sNoykw7ySJdITMv2yT2
features/mel_dd_2c_coswara/long/20200415_jsYI5hPpF3XJ6rW8EQjUTCfPNZ62_deep.npy,long,test,jsYI5hPpF3XJ6rW8EQjUTCfPNZ62
features/mel_dd_2c_coswara/long/CAf8ILsDpQMeTPPLwi7nFlgRT2t1_deep.npy,long,val,CAf8ILsDpQMeTPPLwi7nFlgRT2t1
features/mel_dd_2c_coswara/long/19TcpGAeIyeLxS55XA6xxH285uz2_deep.npy,long,train,19TcpGAeIyeLxS55XA6xxH285uz2
features/mel_dd_2c_coswara/long/9z2XQAVyIkb0saZVigWBr3MsDcr1_deep.npy,long,train,9z2XQAVyIkb0saZVigWBr3MsDcr1
features/mel_dd_2c_coswara/long/qkdJKHOBuAYsKvnxbLvnoJ5Dc8y2_deep.npy,short,train,qkdJKHOBuAYsKvnxbLvnoJ5Dc8y2
features/mel_dd_2c_coswara/long/5CuTYRsGM5QRNjG7HejSHQh7ULi1_deep.npy,long,train,5CuTYRsGM5QRNjG7HejSHQh7ULi1
features/mel_dd_2c_coswara/long/20200413_0Rlzhiz6bybk77wdLjxwy7yLDhg1_deep.npy,long,train,0Rlzhiz6bybk77wdLjxwy7yLDhg1
features/mel_dd_2c_coswara/long/20200415_GWjZnz8QWXXGzHLaG0HNHFyeZgS2_deep.npy,long,train,GWjZnz8QWXXGzHLaG0HNHFyeZgS2
features/mel_dd_2c_coswara/long/8XF2UFLn3Wd6dHHMdOlcGbQiMqb2_deep.npy,short,train,8XF2UFLn3Wd6dHHMdOlcGbQiMqb2
features/mel_dd_2c_coswara/long/uMry1yqi5sNoykw7ySJdITMv2yT2_deep.npy,short,train,uMry1yqi5sNoykw7ySJdITMv2yT2
features/mel_dd_2c_coswara/long/a1BWeGHqK6f0KyevbStawfUvvK83_deep.npy,long,train,a1BWeGHqK6f0KyevbStawfUvvK83
features/mel_dd_2c_coswara/long/teOvCnrHvkhO4p7XASV9OXfL0k72_deep.npy,short,train,teOvCnrHvkhO4p7XASV9OXfL0k72
features/mel_dd_2c_coswara/long/x2JcCVW5aZP5JqJWs30hIr6lf212_deep.npy,long,val,x2JcCVW5aZP5JqJWs30hIr6lf212
features/mel_dd_2c_coswara/long/nWexc69oEiZ6d1YP3v2CDJBipkM2_deep.npy,long,train,nWexc69oEiZ6d1YP3v2CDJBipkM2
features/mel_dd_2c_coswara/long/maTMkkXbqOhLPOYLpGyMPPigDFt1_deep.npy,long,train,maTMkkXbqOhLPOYLpGyMPPigDFt1
features/mel_dd_2c_coswara/long/Axei3vO2YcQM56PrwqmMF40A6aG3_deep.npy,long,train,Axei3vO2YcQM56PrwqmMF40A6aG3
features/mel_dd_2c_coswara/long/2j5I1dnLtBN8hyD149k2dZ19foE3_deep.npy,short,train,2j5I1dnLtBN8hyD149k2dZ19foE3
features/mel_dd_2c_coswara/long/Fsy78EiP9pOaFmMc6VjdI30SMvV2_deep.npy,long,train,Fsy78EiP9pOaFmMc6VjdI30SMvV2
features/mel_dd_2c_coswara/long/URgU2WswGtQp3hFNsrkdGsVxAzJ2_deep.npy,long,train,URgU2WswGtQp3hFNsrkdGsVxAzJ2
features/mel_dd_2c_coswara/long/20200413_maTMkkXbqOhLPOYLpGyMPPigDFt1_deep.npy,long,train,maTMkkXbqOhLPOYLpGyMPPigDFt1
features/mel_dd_2c_coswara/long/gdMY0DOvz8QrFltj0X4Ez0PpsHS2_deep.npy,long,train,gdMY0DOvz8QrFltj0X4Ez0PpsHS2
features/mel_dd_2c_coswara/long/goCuK84Tklfu22gFPPMqt1ZIjxo2_deep.npy,long,train,goCuK84Tklfu22gFPPMqt1ZIjxo2
features/mel_dd_2c_coswara/long/6BT19A6gAlNjbtbe3EdgKQc4kkH3_deep.npy,short,train,6BT19A6gAlNjbtbe3EdgKQc4kkH3
features/mel_dd_2c_coswara/long/jEkD1ffbScZx6wVALbrAhPz3w1S2_deep.npy,long,train,jEkD1ffbScZx6wVALbrAhPz3w1S2
features/mel_dd_2c_coswara/long/20200415_a1BWeGHqK6f0KyevbStawfUvvK83_deep.npy,long,train,a1BWeGHqK6f0KyevbStawfUvvK83
features/mel_dd_2c_coswara/long/xDgSKI3IBQNu2G3msYhxC7URtop1_deep.npy,short,train,xDgSKI3IBQNu2G3msYhxC7URtop1
features/mel_dd_2c_coswara/long/Ny6G594aKENcYgURBgYJJa62ziV2_deep.npy,long,train,Ny6G594aKENcYgURBgYJJa62ziV2
features/mel_dd_2c_coswara/long/kDI4V7d7CNOZp3DwAK825tYAzsw2_deep.npy,short,train,kDI4V7d7CNOZp3DwAK825tYAzsw2
features/mel_dd_2c_coswara/long/p0NEd67WfNMVpZuyt7ECTS6VxDa2_deep.npy,long,val,p0NEd67WfNMVpZuyt7ECTS6VxDa2
features/mel_dd_2c_coswara/long/9JhZlp6ebpZYjnKlK2NTZTihDme2_deep.npy,long,train,9JhZlp6ebpZYjnKlK2NTZTihDme2
features/mel_dd_2c_coswara/long/hmLJe6Uy39bPc0Mn0VSF4x3TqWp2_deep.npy,long,train,hmLJe6Uy39bPc0Mn0VSF4x3TqWp2
features/mel_dd_2c_coswara/long/Akn9RWpa1hMNtsrYVHGlBsmHkAB2_deep.npy,long,train,Akn9RWpa1hMNtsrYVHGlBsmHkAB2
features/mel_dd_2c_coswara/long/p892e9IyF2dZFs8eqIF1TCtxf0A3_deep.npy,short,val,p892e9IyF2dZFs8eqIF1TCtxf0A3
features/mel_dd_2c_coswara/long/NkibhMc8cVQQq1cj4RSU3NkkMW33_deep.npy,short,train,NkibhMc8cVQQq1cj4RSU3NkkMW33
features/mel_dd_2c_coswara/long/oT3KtPYs2CSp3MKgmhGPbuK9QIp2_deep.npy,long,val,oT3KtPYs2CSp3MKgmhGPbuK9QIp2
features/mel_dd_2c_coswara/long/ZHsY7y4Y8JOoafrQpOKJEr6gORq2_deep.npy,short,train,ZHsY7y4Y8JOoafrQpOKJEr6gORq2
features/mel_dd_2c_coswara/long/7Z834FePKIhCrPJPjkOE69XeNcm1_deep.npy,short,train,7Z834FePKIhCrPJPjkOE69XeNcm1
features/mel_dd_2c_coswara/long/k0uQAYNhiUZvHePzPoWE9wUfBNk2_deep.npy,short,train,k0uQAYNhiUZvHePzPoWE9wUfBNk2
features/mel_dd_2c_coswara/long/20200413_mFQ65xqfxpXiS6vwK1HKwq7j8o62_deep.npy,short,test,mFQ65xqfxpXiS6vwK1HKwq7j8o62
features/mel_dd_2c_coswara/long/j0bgqdkBSRaRrpBmJLa1MkkKg593_deep.npy,short,train,j0bgqdkBSRaRrpBmJLa1MkkKg593
features/mel_dd_2c_coswara/long/20200415_CZT9HTBNgaQrTVKBjIBUtlu6Dgx1_deep.npy,long,val,CZT9HTBNgaQrTVKBjIBUtlu6Dgx1
features/mel_dd_2c_coswara/long/20200413_NWqfdBx5mrglkG4TJ5Gt9mVnYOo2_deep.npy,short,train,NWqfdBx5mrglkG4TJ5Gt9mVnYOo2
features/mel_dd_2c_coswara/long/20200413_Eu11s84cuBTiPXTAtVf9mj3GkqA2_deep.npy,short,val,Eu11s84cuBTiPXTAtVf9mj3GkqA2
features/mel_dd_2c_coswara/long/20200415_85XodgEaKrPebeSPsJo2UFaDlWj1_deep.npy,short,train,85XodgEaKrPebeSPsJo2UFaDlWj1
features/mel_dd_2c_coswara/long/1BVg9qHEPjhmnnl7CHMSkZRCHiR2_deep.npy,long,train,1BVg9qHEPjhmnnl7CHMSkZRCHiR2
features/mel_dd_2c_coswara/long/jsYI5hPpF3XJ6rW8EQjUTCfPNZ62_deep.npy,long,test,jsYI5hPpF3XJ6rW8EQjUTCfPNZ62
features/mel_dd_2c_coswara/long/ose5fZhlJWV7qalryF6Nvp3kY482_deep.npy,long,train,ose5fZhlJWV7qalryF6Nvp3kY482
features/mel_dd_2c_coswara/long/20200415_UUzQFgPDt5cC2mL6zDlgm7LvU4r2_deep.npy,long,train,UUzQFgPDt5cC2mL6zDlgm7LvU4r2
features/mel_dd_2c_coswara/long/ZdpBUfXPEpShEdHGVTUxULhNtn23_deep.npy,short,train,ZdpBUfXPEpShEdHGVTUxULhNtn23
features/mel_dd_2c_coswara/long/mFQ65xqfxpXiS6vwK1HKwq7j8o62_deep.npy,short,test,mFQ65xqfxpXiS6vwK1HKwq7j8o62
features/mel_dd_2c_coswara/long/20200415_5CuTYRsGM5QRNjG7HejSHQh7ULi1_deep.npy,long,train,5CuTYRsGM5QRNjG7HejSHQh7ULi1
features/mel_dd_2c_coswara/long/GWjZnz8QWXXGzHLaG0HNHFyeZgS2_deep.npy,long,train,GWjZnz8QWXXGzHLaG0HNHFyeZgS2
features/mel_dd_2c_coswara/long/NWqfdBx5mrglkG4TJ5Gt9mVnYOo2_deep.npy,short,train,NWqfdBx5mrglkG4TJ5Gt9mVnYOo2
features/mel_dd_2c_coswara/long/Eu11s84cuBTiPXTAtVf9mj3GkqA2_deep.npy,short,val,Eu11s84cuBTiPXTAtVf9mj3GkqA2
features/mel_dd_2c_coswara/long/0zUxdfS5aoS6SiEoF1x6JXOk25B3_deep.npy,long,train,0zUxdfS5aoS6SiEoF1x6JXOk25B3
features/mel_dd_2c_coswara/short/20200413_EqDWckxbsETyHUeBLQ8jLtxlhir2_shallow.npy,short,train,EqDWckxbsETyHUeBLQ8jLtxlhir2
features/mel_dd_2c_coswara/short/20200415_3LCqXTY14jROmsMpG3XkEiMJ9cD3_shallow.npy,short,train,3LCqXTY14jROmsMpG3XkEiMJ9cD3
features/mel_dd_2c_coswara/short/20200413_tOlOwYDEHCRx1QegeMOPaydVcgv1_shallow.npy,short,train,tOlOwYDEHCRx1QegeMOPaydVcgv1
features/mel_dd_2c_coswara/short/20200415_j0q8isyOE2akw5RDUOV9whSwNDW2_shallow.npy,short,val,j0q8isyOE2akw5RDUOV9whSwNDW2
features/mel_dd_2c_coswara/short/20200415_1pXSBzMeizcu5IpLAJUaYpmJyhB3_shallow.npy,long,train,1pXSBzMeizcu5IpLAJUaYpmJyhB3
features/mel_dd_2c_coswara/short/20200415_85XodgEaKrPebeSPsJo2UFaDlWj1_shallow.npy,short,train,85XodgEaKrPebeSPsJo2UFaDlWj1
features/mel_dd_2c_coswara/short/20200415_NBD8pzxLyyYZs8wul5W6UUKBZbz1_shallow.npy,short,train,NBD8pzxLyyYZs8wul5W6UUKBZbz1
features/mel_dd_2c_coswara/short/20200413_cfZUmZvsecYVKw5eSi4qIhfJVpI3_shallow.npy,short,val,cfZUmZvsecYVKw5eSi4qIhfJVpI3
features/mel_dd_2c_coswara/short/20200413_9D1go0wkvuPkFebFk4uQQpcBuZw1_shallow.npy,short,val,9D1go0wkvuPkFebFk4uQQpcBuZw1
features/mel_dd_2c_coswara/short/20200415_AdRRprqo5ZUuLMOPs61ZKS6vrdU2_shallow.npy,short,train,AdRRprqo5ZUuLMOPs61ZKS6vrdU2
features/mel_dd_2c_coswara/short/20200415_GKhkkTlN0PdIgHoEtwXlRlCqMd13_shallow.npy,short,train,GKhkkTlN0PdIgHoEtwXlRlCqMd13
features/mel_dd_2c_coswara/short/20200415_SiEdfz3YnndtOTlm8CIVK4YQcg42_shallow.npy,short,train,SiEdfz3YnndtOTlm8CIVK4YQcg42
features/mel_dd_2c_coswara/short/20200413_pW9mCAeWYiMoM7wW7riLvNRbYDO2_shallow.npy,short,val,pW9mCAeWYiMoM7wW7riLvNRbYDO2
features/mel_dd_2c_coswara/short/20200415_g1nDdvDWgDhgbVDyfl6NyFIfPAp2_shallow.npy,short,train,g1nDdvDWgDhgbVDyfl6NyFIfPAp2
features/mel_dd_2c_coswara/short/20200415_UJkJrzKjH6UQRZF7eHhUQVQwCHB2_shallow.npy,short,train,UJkJrzKjH6UQRZF7eHhUQVQwCHB2
features/mel_dd_2c_coswara/short/20200415_26xevAvhh4PSIz1ls0QAwwfz89i1_shallow.npy,short,train,26xevAvhh4PSIz1ls0QAwwfz89i1
features/mel_dd_2c_coswara/short/20200415_Qs7OP1Hyo6Y4ZE2s4aZyZ3Ew6r62_shallow.npy,long,train,Qs7OP1Hyo6Y4ZE2s4aZyZ3Ew6r62
features/mel_dd_2c_coswara/short/20200415_hkbGDo0CbGUStRblqwQj7KJc5lk2_shallow.npy,short,train,hkbGDo0CbGUStRblqwQj7KJc5lk2
features/mel_dd_2c_coswara/short/20200415_1kj3twlB9PcVyePxzqNGwnkYZZx2_shallow.npy,short,train,1kj3twlB9PcVyePxzqNGwnkYZZx2
features/mel_dd_2c_coswara/short/20200413_vK2bLRNzllXNeyOMudnNSL5cfpG2_shallow.npy,short,test,vK2bLRNzllXNeyOMudnNSL5cfpG2
features/mel_dd_2c_coswara/short/20200413_O4BFgxvAgwbwRGZMkMBJRFnGBbd2_shallow.npy,short,test,O4BFgxvAgwbwRGZMkMBJRFnGBbd2
features/mel_dd_2c_coswara/short/20200415_FNjPKyX47sUuQlzMc1urJ3VB3YE3_shallow.npy,short,train,FNjPKyX47sUuQlzMc1urJ3VB3YE3
features/mel_dd_2c_coswara/short/20200415_l6OFgjiE4MT6I6wfoYHk208nEaJ3_shallow.npy,short,train,l6OFgjiE4MT6I6wfoYHk208nEaJ3
features/mel_dd_2c_coswara/short/20200413_6MmSmB1lmmOiyKNNA0p7IuVe3CA3_shallow.npy,short,val,6MmSmB1lmmOiyKNNA0p7IuVe3CA3
features/mel_dd_2c_coswara/short/20200415_9LGZxIxgbgSheKov7FzsNcFIu4v1_shallow.npy,short,test,9LGZxIxgbgSheKov7FzsNcFIu4v1
features/mel_dd_2c_coswara/short/20200415_y71bldtMZsh4Qemwyr86rXevPcH2_shallow.npy,short,test,y71bldtMZsh4Qemwyr86rXevPcH2
features/mel_dd_2c_coswara/short/20200413_LqGeCxef4fN4IPanKEbWkO1fAwJ3_shallow.npy,short,train,LqGeCxef4fN4IPanKEbWkO1fAwJ3
features/mel_dd_2c_coswara/short/20200415_jSb7SyucSmTHhzs3qQoBExRMQZ02_shallow.npy,long,val,jSb7SyucSmTHhzs3qQoBExRMQZ02
features/mel_dd_2c_coswara/short/20200415_LVfs0kH8h3YRSg7J3Y8g3ufC3a53_shallow.npy,short,train,LVfs0kH8h3YRSg7J3Y8g3ufC3a53
features/mel_dd_2c_coswara/short/20200415_5eEXozx61BXKT71PLRaQASRcC832_shallow.npy,short,val,5eEXozx61BXKT71PLRaQASRcC832
features/mel_dd_2c_coswara/short/20200415_TIFqRMyFsNVEYSMu9P05PF5N2Px1_shallow.npy,long,test,TIFqRMyFsNVEYSMu9P05PF5N2Px1
features/mel_dd_2c_coswara/short/20200415_LwOBSX8F07Z5HgRGLFS3aOQEVKk2_shallow.npy,short,train,LwOBSX8F07Z5HgRGLFS3aOQEVKk2
features/mel_dd_2c_coswara/short/20200415_qje01PDBImMG8VBE3hnyw4GbJ7W2_shallow.npy,short,train,qje01PDBImMG8VBE3hnyw4GbJ7W2
features/mel_dd_2c_coswara/short/20200415_PaLptWlM9gTtp7lUybcAaXGkqhj2_shallow.npy,short,train,PaLptWlM9gTtp7lUybcAaXGkqhj2
features/mel_dd_2c_coswara/short/20200415_HmsAhPiHhiQOnvXYXzZ5u5qFqLq1_shallow.npy,short,val,HmsAhPiHhiQOnvXYXzZ5u5qFqLq1
features/mel_dd_2c_coswara/short/20200415_UhGuA2vn7sUfKJRENR472IxQaEu2_shallow.npy,short,train,UhGuA2vn7sUfKJRENR472IxQaEu2
features/mel_dd_2c_coswara/short/20200415_A6eyvPDHwBNMYFzA65XRMboV96s2_shallow.npy,short,train,A6eyvPDHwBNMYFzA65XRMboV96s2
features/mel_dd_2c_coswara/short/20200413_CAf8ILsDpQMeTPPLwi7nFlgRT2t1_shallow.npy,long,val,CAf8ILsDpQMeTPPLwi7nFlgRT2t1
features/mel_dd_2c_coswara/short/20200415_pbXQf83tO4bPFQ0UZjs9HDE7i7r1_shallow.npy,short,train,pbXQf83tO4bPFQ0UZjs9HDE7i7r1
features/mel_dd_2c_coswara/short/20200415_7yQ29b3Q1KfOIk5K1MSeGTsWqGB2_shallow.npy,short,train,7yQ29b3Q1KfOIk5K1MSeGTsWqGB2
features/mel_dd_2c_coswara/short/20200415_YXqC5B7h7iQZH3RubUFG6SBvZ5L2_shallow.npy,short,train,YXqC5B7h7iQZH3RubUFG6SBvZ5L2
features/mel_dd_2c_coswara/short/20200415_PmbK8Rb4ohNWp4KwTtlU8xzxFGs2_shallow.npy,short,val,PmbK8Rb4ohNWp4KwTtlU8xzxFGs2
features/mel_dd_2c_coswara/short/20200415_JtJEMsy1XPalUgUWmzkLyq9LWbI2_shallow.npy,short,train,JtJEMsy1XPalUgUWmzkLyq9LWbI2
features/mel_dd_2c_coswara/short/20200413_Eoyf44CUffgVCPPjJJkopEyAO7k2_shallow.npy,short,train,Eoyf44CUffgVCPPjJJkopEyAO7k2
features/mel_dd_2c_coswara/short/20200415_AeJcnB6Pl6ayw2YL7whgWyYSVnz2_shallow.npy,short,test,AeJcnB6Pl6ayw2YL7whgWyYSVnz2
features/mel_dd_2c_coswara/short/20200415_xO54amKmQMQwbMoSbmADa6Wa2kK2_shallow.npy,short,train,xO54amKmQMQwbMoSbmADa6Wa2kK2
features/mel_dd_2c_coswara/short/20200413_nMIOAh7qRFf3pqbchclOLKbPDOm1_shallow.npy,short,val,nMIOAh7qRFf3pqbchclOLKbPDOm1
features/mel_dd_2c_coswara/short/20200413_htQzROl26OWQpIYFDzv11F79PLR2_shallow.npy,short,test,htQzROl26OWQpIYFDzv11F79PLR2
features/mel_dd_2c_coswara/short/20200415_fMi5uNWoboXWzfIDskyLCl8HHxH3_shallow.npy,short,val,fMi5uNWoboXWzfIDskyLCl8HHxH3
features/mel_dd_2c_coswara/short/20200415_1Vm44aluw7PMy2mfETHc3MvwQxx1_shallow.npy,short,train,1Vm44aluw7PMy2mfETHc3MvwQxx1
features/mel_dd_2c_coswara/short/20200415_ZnfFHbrHryWzAq27TCTQtY7uWTm1_shallow.npy,short,train,ZnfFHbrHryWzAq27TCTQtY7uWTm1
features/mel_dd_2c_coswara/short/20200413_9ypQNsTsSQYlx72wxTLrHzzNoAJ2_shallow.npy,long,train,9ypQNsTsSQYlx72wxTLrHzzNoAJ2
features/mel_dd_2c_coswara/short/20200413_1ctsxp37dWNbCbizTioZzpAWqJx2_shallow.npy,short,val,1ctsxp37dWNbCbizTioZzpAWqJx2
features/mel_dd_2c_coswara/short/20200413_60Ig4PmU9NMqKGDMR8Um0Tc2KXB3_shallow.npy,short,train,60Ig4PmU9NMqKGDMR8Um0Tc2KXB3
features/mel_dd_2c_coswara/short/20200415_CZT9HTBNgaQrTVKBjIBUtlu6Dgx1_shallow.npy,short,val,CZT9HTBNgaQrTVKBjIBUtlu6Dgx1
features/mel_dd_2c_coswara/short/20200415_GWjZnz8QWXXGzHLaG0HNHFyeZgS2_shallow.npy,short,train,GWjZnz8QWXXGzHLaG0HNHFyeZgS2
features/mel_dd_2c_coswara/short/20200413_kIHldMnyvmXvpLq0LjWr7ecclSj2_shallow.npy,short,train,kIHldMnyvmXvpLq0LjWr7ecclSj2
features/mel_dd_2c_coswara/short/20200415_XoXEyaVStbMpBgQXljyI59CPI4m1_shallow.npy,short,train,XoXEyaVStbMpBgQXljyI59CPI4m1
features/mel_dd_2c_coswara/short/20200415_UVQ8rnPQiYbVAuvPI1uGYIJZmQZ2_shallow.npy,short,train,UVQ8rnPQiYbVAuvPI1uGYIJZmQZ2
features/mel_dd_2c_coswara/short/20200415_yHn6UxlPk8RvWZ3X5jrTa89CPwG2_shallow.npy,short,train,yHn6UxlPk8RvWZ3X5jrTa89CPwG2
features/mel_dd_2c_coswara/short/20200415_6sUnPQNXQCYawfmLL8Pg91UxoiI3_shallow.npy,short,test,6sUnPQNXQCYawfmLL8Pg91UxoiI3
features/mel_dd_2c_coswara/short/20200413_SY4Ekt5W4VZdeIm5r3iLmjxz9pA2_shallow.npy,short,train,SY4Ekt5W4VZdeIm5r3iLmjxz9pA2
features/mel_dd_2c_coswara/short/20200413_maTMkkXbqOhLPOYLpGyMPPigDFt1_shallow.npy,short,train,maTMkkXbqOhLPOYLpGyMPPigDFt1
features/mel_dd_2c_coswara/short/20200415_vw3Nw1Gmt3WA78SHAzJwelNRduv1_shallow.npy,short,train,vw3Nw1Gmt3WA78SHAzJwelNRduv1
features/mel_dd_2c_coswara/short/20200413_G3iIP9QRHPTItOsK6lpEMd6IQKw1_shallow.npy,long,val,G3iIP9QRHPTItOsK6lpEMd6IQKw1
features/mel_dd_2c_coswara/short/20200415_GEPcHiIXaSVyNNL5sqIBZxytIps1_shallow.npy,short,test,GEPcHiIXaSVyNNL5sqIBZxytIps1
features/mel_dd_2c_coswara/short/20200415_u1G8LRJRwyUWNf8J9McgKGyfQJ33_shallow.npy,long,train,u1G8LRJRwyUWNf8J9McgKGyfQJ33
features/mel_dd_2c_coswara/short/20200415_rJtkSijv5ROjzB6LHN1XCAfe9752_shallow.npy,short,train,rJtkSijv5ROjzB6LHN1XCAfe9752
features/mel_dd_2c_coswara/short/20200415_jsYI5hPpF3XJ6rW8EQjUTCfPNZ62_shallow.npy,short,test,jsYI5hPpF3XJ6rW8EQjUTCfPNZ62
features/mel_dd_2c_coswara/short/20200413_O2axQgHDogQ1mORlKYAGiPTiHvB3_shallow.npy,short,train,O2axQgHDogQ1mORlKYAGiPTiHvB3
features/mel_dd_2c_coswara/short/20200413_1AuoEhB8vAfCtxTFFV0W916yBqA3_shallow.npy,short,train,1AuoEhB8vAfCtxTFFV0W916yBqA3
features/mel_dd_2c_coswara/short/20200413_L7S8iIPKgiO6QWLC3mGkROCMa0s1_shallow.npy,short,train,L7S8iIPKgiO6QWLC3mGkROCMa0s1
features/mel_dd_2c_coswara/short/20200415_X7NBHQKdeDODKCzXwbmKdIbjIRG2_shallow.npy,short,train,X7NBHQKdeDODKCzXwbmKdIbjIRG2
features/mel_dd_2c_coswara/short/20200415_1j2LqFPOJIQ8nTlovQqNr6bdUMl1_shallow.npy,short,train,1j2LqFPOJIQ8nTlovQqNr6bdUMl1
features/mel_dd_2c_coswara/short/20200413_VrBIdIVnQkPbR9D2Gi7WCb17ST62_shallow.npy,short,train,VrBIdIVnQkPbR9D2Gi7WCb17ST62
features/mel_dd_2c_coswara/short/20200413_mFQ65xqfxpXiS6vwK1HKwq7j8o62_shallow.npy,short,test,mFQ65xqfxpXiS6vwK1HKwq7j8o62
features/mel_dd_2c_coswara/short/20200415_H0tBSJN5l8db5f6xB2yMm6QxjFO2_shallow.npy,short,train,H0tBSJN5l8db5f6xB2yMm6QxjFO2
features/mel_dd_2c_coswara/short/20200415_eu2Hm19FIUhs68KsWGAlCQ4WVc43_shallow.npy,short,train,eu2Hm19FIUhs68KsWGAlCQ4WVc43
features/mel_dd_2c_coswara/short/20200415_Na6w7stX7ocNYZPQW9MQAiM6mrw2_shallow.npy,short,test,Na6w7stX7ocNYZPQW9MQAiM6mrw2
features/mel_dd_2c_coswara/short/20200415_aisIUPkXXdQv8nvNAjeJb8cebOq2_shallow.npy,short,val,aisIUPkXXdQv8nvNAjeJb8cebOq2
features/mel_dd_2c_coswara/short/20200415_ZTlauEp4EjMLV0LKWsxXnRopWvC3_shallow.npy,short,test,ZTlauEp4EjMLV0LKWsxXnRopWvC3
features/mel_dd_2c_coswara/short/20200415_D1d4hc9MrgTDxgAhqpTgqOEJtLp2_shallow.npy,short,test,D1d4hc9MrgTDxgAhqpTgqOEJtLp2
features/mel_dd_2c_coswara/short/20200415_IxdOYraXjNXf620JP1hexb3YDJ93_shallow.npy,short,train,IxdOYraXjNXf620JP1hexb3YDJ93
features/mel_dd_2c_coswara/short/20200413_VcmjCfW6ddgE9lFhDXTO6hDlb452_shallow.npy,short,val,VcmjCfW6ddgE9lFhDXTO6hDlb452
features/mel_dd_2c_coswara/short/20200415_kkyAPrhvZKNSbFUYBfQ0Ne277D62_shallow.npy,short,train,kkyAPrhvZKNSbFUYBfQ0Ne277D62
features/mel_dd_2c_coswara/short/20200415_giXzRAAuoRRAg7xQ9Y56DX0FVDr1_shallow.npy,short,train,giXzRAAuoRRAg7xQ9Y56DX0FVDr1
features/mel_dd_2c_coswara/short/20200415_CFwFsoyLtGUxPNPw5vMD7cznAnO2_shallow.npy,short,train,CFwFsoyLtGUxPNPw5vMD7cznAnO2
features/mel_dd_2c_coswara/short/20200413_U98J2q0NnycYzzUS2BYZpUa55X83_shallow.npy,short,train,U98J2q0NnycYzzUS2BYZpUa55X83
features/mel_dd_2c_coswara/short/20200415_MbCfQyWYGIeZ5m0BCTeiM1oi7282_shallow.npy,short,train,MbCfQyWYGIeZ5m0BCTeiM1oi7282
features/mel_dd_2c_coswara/short/20200415_w51QbggHBvVnSSNG5tsEgScigyF3_shallow.npy,short,test,w51QbggHBvVnSSNG5tsEgScigyF3
features/mel_dd_2c_coswara/short/20200413_eZ9KEu3fmEgvxINqgcbkBXoEsv53_shallow.npy,short,train,eZ9KEu3fmEgvxINqgcbkBXoEsv53
features/mel_dd_2c_coswara/short/20200415_P8Qw2Prg2BRb7H72PbY3Dftp9Rv2_shallow.npy,short,val,P8Qw2Prg2BRb7H72PbY3Dftp9Rv2
features/mel_dd_2c_coswara/short/20200415_PfuMI67JW2h6z4MsRDegrhZ8FSH2_shallow.npy,short,train,PfuMI67JW2h6z4MsRDegrhZ8FSH2
features/mel_dd_2c_coswara/short/20200413_tFFUbYL9nSNEyaBK3w9UAtATcgO2_shallow.npy,short,val,tFFUbYL9nSNEyaBK3w9UAtATcgO2
features/mel_dd_2c_coswara/short/20200413_NWqfdBx5mrglkG4TJ5Gt9mVnYOo2_shallow.npy,short,train,NWqfdBx5mrglkG4TJ5Gt9mVnYOo2
features/mel_dd_2c_coswara/short/20200415_t0wrpS8L5WamJS9NhyjeHAqhaVv1_shallow.npy,long,train,t0wrpS8L5WamJS9NhyjeHAqhaVv1
features/mel_dd_2c_coswara/short/20200413_XUsJp0qysAPtu3vBI0UCiHRJhZ22_shallow.npy,long,train,XUsJp0qysAPtu3vBI0UCiHRJhZ22
features/mel_dd_2c_coswara/short/20200415_PMVjl7cZfEaQD3QaKjvAG4Kidt92_shallow.npy,short,train,PMVjl7cZfEaQD3QaKjvAG4Kidt92
features/mel_dd_2c_coswara/short/20200415_3PIiY2eRLVUN4Tba0a8ZN5W6frA3_shallow.npy,long,train,3PIiY2eRLVUN4Tba0a8ZN5W6frA3
features/mel_dd_2c_coswara/short/20200415_MGvc85QJD7PFeYxoAeTxsiq4wHr1_shallow.npy,short,train,MGvc85QJD7PFeYxoAeTxsiq4wHr1
features/mel_dd_2c_coswara/short/20200413_5le68NJRZWV6TrMTYn3j7gSlqTi2_shallow.npy,short,val,5le68NJRZWV6TrMTYn3j7gSlqTi2
features/mel_dd_2c_coswara/short/20200415_779c1GiOSsSsxsi1PrMGXwOrIuo2_shallow.npy,short,train,779c1GiOSsSsxsi1PrMGXwOrIuo2
features/mel_dd_2c_coswara/short/20200413_9XJ2QSvS9CaIo5hSyRZcdst0K8P2_shallow.npy,short,test,9XJ2QSvS9CaIo5hSyRZcdst0K8P2
features/mel_dd_2c_coswara/short/20200415_vdaDi7xUoVepm15b98az1F6RN1e2_shallow.npy,short,train,vdaDi7xUoVepm15b98az1F6RN1e2
features/mel_dd_2c_coswara/short/20200415_StMoprM57wPyrUs5p0s78r1X0Qt1_shallow.npy,short,train,StMoprM57wPyrUs5p0s78r1X0Qt1
features/mel_dd_2c_coswara/short/20200415_FQ9gUWPXRGc9z7Q4f3tMojFVrR82_shallow.npy,short,val,FQ9gUWPXRGc9z7Q4f3tMojFVrR82
features/mel_dd_2c_coswara/short/20200415_9qXBPCugOSe0Yl1GhThi1kCVZDD2_shallow.npy,short,train,9qXBPCugOSe0Yl1GhThi1kCVZDD2
features/mel_dd_2c_coswara/short/20200415_UYQqLbdvfMeQOnISZq4Okwuas6K2_shallow.npy,long,train,UYQqLbdvfMeQOnISZq4Okwuas6K2
features/mel_dd_2c_coswara/short/20200415_ImU3ZpdqkRPNAy6Ol61zoGuq8sj1_shallow.npy,short,train,ImU3ZpdqkRPNAy6Ol61zoGuq8sj1
features/mel_dd_2c_coswara/short/20200415_jaNAcGlkQvUYEcRFXm5gNwnOOn93_shallow.npy,short,train,jaNAcGlkQvUYEcRFXm5gNwnOOn93
features/mel_dd_2c_coswara/short/20200413_xyDgyXrDoyXu5CFqcNe20LRjYqg1_shallow.npy,short,train,xyDgyXrDoyXu5CFqcNe20LRjYqg1
features/mel_dd_2c_coswara/short/20200415_IH5AenjC1DTmH4Rw4PhvnaKHbmw2_shallow.npy,short,test,IH5AenjC1DTmH4Rw4PhvnaKHbmw2
features/mel_dd_2c_coswara/short/20200415_0gB18cWHioTobGuU3qVE0QV5mBN2_shallow.npy,short,test,0gB18cWHioTobGuU3qVE0QV5mBN2
features/mel_dd_2c_coswara/short/20200415_h0XfL2JtCLb7hgupJ7lLQJ0fzgF2_shallow.npy,short,test,h0XfL2JtCLb7hgupJ7lLQJ0fzgF2
features/mel_dd_2c_coswara/short/20200415_78UvO8TmtycKb98kr2eXeDdLpST2_shallow.npy,short,train,78UvO8TmtycKb98kr2eXeDdLpST2
features/mel_dd_2c_coswara/short/20200415_g0gdNMhQIbUlZRTod20TdtqafgJ3_shallow.npy,short,train,g0gdNMhQIbUlZRTod20TdtqafgJ3
features/mel_dd_2c_coswara/short/20200413_V247RjX91RY4fxtgfeWjvBhg89s2_shallow.npy,short,train,V247RjX91RY4fxtgfeWjvBhg89s2
features/mel_dd_2c_coswara/short/20200415_QC2olizheGbckya2rPjOWhn00vp1_shallow.npy,short,val,QC2olizheGbckya2rPjOWhn00vp1
features/mel_dd_2c_coswara/short/20200415_nkSUWnQgO0Tn7flFkVp7CrdsatW2_shallow.npy,short,train,nkSUWnQgO0Tn7flFkVp7CrdsatW2
features/mel_dd_2c_coswara/short/20200415_oakTHXyve7PxMjMsDDb7VNnM0Ie2_shallow.npy,short,val,oakTHXyve7PxMjMsDDb7VNnM0Ie2
features/mel_dd_2c_coswara/short/20200413_uMry1yqi5sNoykw7ySJdITMv2yT2_shallow.npy,short,train,uMry1yqi5sNoykw7ySJdITMv2yT2
features/mel_dd_2c_coswara/short/20200415_TKhrUVnxGFfRdH4oaKwMXiwjR082_shallow.npy,short,test,TKhrUVnxGFfRdH4oaKwMXiwjR082
features/mel_dd_2c_coswara/short/20200415_JLXdsKrUesSLpwUOMSqQFfYwtZ82_shallow.npy,short,train,JLXdsKrUesSLpwUOMSqQFfYwtZ82
features/mel_dd_2c_coswara/short/20200413_UV965HIG9saPO9HjKNFSm2aFeBt2_shallow.npy,long,val,UV965HIG9saPO9HjKNFSm2aFeBt2
features/mel_dd_2c_coswara/short/20200415_E3X8YtvZzYZiXwBevZEAByJc2v63_shallow.npy,short,train,E3X8YtvZzYZiXwBevZEAByJc2v63
features/mel_dd_2c_coswara/short/20200415_BRi5khF6PxMORMTOXjeS6r2dNqt1_shallow.npy,short,val,BRi5khF6PxMORMTOXjeS6r2dNqt1
features/mel_dd_2c_coswara/short/20200415_vBRMIg1ACdeSAFmcWnII6ZkDefV2_shallow.npy,short,train,vBRMIg1ACdeSAFmcWnII6ZkDefV2
features/mel_dd_2c_coswara/short/20200415_C1Jk83bZcXQM2lljEqVIr6OfMr83_shallow.npy,short,train,C1Jk83bZcXQM2lljEqVIr6OfMr83
features/mel_dd_2c_coswara/short/20200413_0zexHIcM7tQDdnFiEj2Eb0v3g212_shallow.npy,short,test,0zexHIcM7tQDdnFiEj2Eb0v3g212
features/mel_dd_2c_coswara/short/20200413_XVjp63ocWZRqJRdxCtklUfmdklm2_shallow.npy,short,test,XVjp63ocWZRqJRdxCtklUfmdklm2
features/mel_dd_2c_coswara/short/20200415_zAdXj9IixzaM6KUwFYIhXbNJnJ42_shallow.npy,short,train,zAdXj9IixzaM6KUwFYIhXbNJnJ42
features/mel_dd_2c_coswara/short/20200415_ZbFodPVPEZMK0DaH4J74kowt1d53_shallow.npy,short,train,ZbFodPVPEZMK0DaH4J74kowt1d53
features/mel_dd_2c_coswara/short/20200415_M1RgcbGDbWbsxNkmPHlrh9J9n572_shallow.npy,short,train,M1RgcbGDbWbsxNkmPHlrh9J9n572
features/mel_dd_2c_coswara/short/20200415_ZmJz4NgHHRZAwzUAVvkXBOmRSTA3_shallow.npy,short,train,ZmJz4NgHHRZAwzUAVvkXBOmRSTA3
features/mel_dd_2c_coswara/short/20200415_L6Bo4rMk15fKste9Gvn7ZyTB4qw2_shallow.npy,short,train,L6Bo4rMk15fKste9Gvn7ZyTB4qw2
features/mel_dd_2c_coswara/short/20200415_abpYyjmAQAMGlnyqXPGIL9lbnQo2_shallow.npy,short,train,abpYyjmAQAMGlnyqXPGIL9lbnQo2
features/mel_dd_2c_coswara/short/20200413_5ZDF98UQUxcVuS9VhaWxKlVnXvs1_shallow.npy,short,train,5ZDF98UQUxcVuS9VhaWxKlVnXvs1
features/mel_dd_2c_coswara/short/20200415_9esRO6MV7jhuNNWR9i0j6gBrkXG2_shallow.npy,short,train,9esRO6MV7jhuNNWR9i0j6gBrkXG2
features/mel_dd_2c_coswara/short/20200413_g6L8s5Dtq8eIYUTeRWHq0Q7w5L32_shallow.npy,short,test,g6L8s5Dtq8eIYUTeRWHq0Q7w5L32
features/mel_dd_2c_coswara/short/20200415_EcO51zxmIHcVtAUlxnvO6wA8JcR2_shallow.npy,short,train,EcO51zxmIHcVtAUlxnvO6wA8JcR2
features/mel_dd_2c_coswara/short/20200415_vtVLtX1PGdX2b2fhF18Fk6DULZ03_shallow.npy,short,test,vtVLtX1PGdX2b2fhF18Fk6DULZ03
features/mel_dd_2c_coswara/short/20200415_QOmSmWWvcLOxZgzrV4u04ByoebE2_shallow.npy,short,train,QOmSmWWvcLOxZgzrV4u04ByoebE2
features/mel_dd_2c_coswara/short/20200415_cog0Kv05iPM162wFPDfBEnEqpzJ3_shallow.npy,short,train,cog0Kv05iPM162wFPDfBEnEqpzJ3
features/mel_dd_2c_coswara/short/20200415_V3EIT06H4JN5KwoK8aGRXQNzGRi1_shallow.npy,short,test,V3EIT06H4JN5KwoK8aGRXQNzGRi1
features/mel_dd_2c_coswara/short/20200415_03TmwzsdEBVEh35MRMbC9d0NnfI3_shallow.npy,short,train,03TmwzsdEBVEh35MRMbC9d0NnfI3
features/mel_dd_2c_coswara/short/20200413_iq8oYXczSjPuJoVS7DBpkGNMC2p1_shallow.npy,short,val,iq8oYXczSjPuJoVS7DBpkGNMC2p1
features/mel_dd_2c_coswara/short/20200415_2j94Kg8TewQwjwbrRyto6seGsut1_shallow.npy,short,train,2j94Kg8TewQwjwbrRyto6seGsut1
features/mel_dd_2c_coswara/short/20200415_j0bgqdkBSRaRrpBmJLa1MkkKg593_shallow.npy,short,train,j0bgqdkBSRaRrpBmJLa1MkkKg593
features/mel_dd_2c_coswara/short/20200413_U7UmNZmqS6OWTiDkM7IfqkDRrae2_shallow.npy,short,train,U7UmNZmqS6OWTiDkM7IfqkDRrae2
features/mel_dd_2c_coswara/short/20200413_wawUd75qJgXdQz6qxRATEzuKvMn1_shallow.npy,short,test,wawUd75qJgXdQz6qxRATEzuKvMn1
features/mel_dd_2c_coswara/short/20200413_aGEXEhp3mbUandZBtCuEooDQrK53_shallow.npy,short,train,aGEXEhp3mbUandZBtCuEooDQrK53
features/mel_dd_2c_coswara/short/20200415_mX9OLV39QwhCicc7VLqQyniNdU63_shallow.npy,short,test,mX9OLV39QwhCicc7VLqQyniNdU63
features/mel_dd_2c_coswara/short/20200415_DIaVEL0f1kXNG6KXgBMEQ54yirD3_shallow.npy,short,val,DIaVEL0f1kXNG6KXgBMEQ54yirD3
features/mel_dd_2c_coswara/short/20200415_1woiacXdMmXUQiMWESqr83uk1NV2_shallow.npy,short,train,1woiacXdMmXUQiMWESqr83uk1NV2
features/mel_dd_2c_coswara/short/20200413_KL32QXSSnLZlRRT2B6rQQQKgpx12_shallow.npy,short,test,KL32QXSSnLZlRRT2B6rQQQKgpx12
features/mel_dd_2c_coswara/short/20200415_QlMu7Fl8iIgOZM3QHEOzOJY6npH3_shallow.npy,short,train,QlMu7Fl8iIgOZM3QHEOzOJY6npH3
features/mel_dd_2c_coswara/short/20200415_HltnpdE31PPFAFYRdJXRXokmdUF2_shallow.npy,short,train,HltnpdE31PPFAFYRdJXRXokmdUF2
features/mel_dd_2c_coswara/short/20200415_6VbC2mWfKiWVQPL1tHVmG5eCkua2_shallow.npy,short,train,6VbC2mWfKiWVQPL1tHVmG5eCkua2
features/mel_dd_2c_coswara/short/20200415_gyzIhontEeY2zHHaiy2zjZot6hg1_shallow.npy,short,train,gyzIhontEeY2zHHaiy2zjZot6hg1
features/mel_dd_2c_coswara/short/20200415_dxKWK5iTjWdjch9zRGCnc7R0eeq2_shallow.npy,short,val,dxKWK5iTjWdjch9zRGCnc7R0eeq2
features/mel_dd_2c_coswara/short/20200415_a1BWeGHqK6f0KyevbStawfUvvK83_shallow.npy,short,train,a1BWeGHqK6f0KyevbStawfUvvK83
features/mel_dd_2c_coswara/short/20200413_3VWhvtBFHKMgEKxlXzMYeg5NeBN2_shallow.npy,short,test,3VWhvtBFHKMgEKxlXzMYeg5NeBN2
features/mel_dd_2c_coswara/short/20200415_ZkYT8z9lW7N4UfY1L9CqlOs9ouk1_shallow.npy,short,train,ZkYT8z9lW7N4UfY1L9CqlOs9ouk1
features/mel_dd_2c_coswara/short/20200415_269e2kDksfRXKVHNXf4ACl9JUVm1_shallow.npy,short,test,269e2kDksfRXKVHNXf4ACl9JUVm1
features/mel_dd_2c_coswara/short/20200415_ArKST1jJWqRPPvdCu92MyQoGs762_shallow.npy,long,test,ArKST1jJWqRPPvdCu92MyQoGs762
features/mel_dd_2c_coswara/short/20200415_O9jPNdypMudWbGGiqtlgi4ae2er1_shallow.npy,short,train,O9jPNdypMudWbGGiqtlgi4ae2er1
features/mel_dd_2c_coswara/short/20200415_33uBb3ZF1NekffyAZpRdmyP0KHH2_shallow.npy,short,val,33uBb3ZF1NekffyAZpRdmyP0KHH2
features/mel_dd_2c_coswara/short/20200415_dosEoi5rKRVXDZzENH1QpxCfPWu1_shallow.npy,short,val,dosEoi5rKRVXDZzENH1QpxCfPWu1
features/mel_dd_2c_coswara/short/20200415_UUzQFgPDt5cC2mL6zDlgm7LvU4r2_shallow.npy,short,train,UUzQFgPDt5cC2mL6zDlgm7LvU4r2
features/mel_dd_2c_coswara/short/20200415_GZM32y1Sy6X9D9hfrrvpTdPfmoV2_shallow.npy,short,train,GZM32y1Sy6X9D9hfrrvpTdPfmoV2
features/mel_dd_2c_coswara/short/20200415_2SLFvRD3jTUJc8iOMnN2XHG3uXv1_shallow.npy,short,train,2SLFvRD3jTUJc8iOMnN2XHG3uXv1
features/mel_dd_2c_coswara/short/20200415_rSDhZrvtPFhvXnAPUJnYoPBN0mD3_shallow.npy,short,test,rSDhZrvtPFhvXnAPUJnYoPBN0mD3
features/mel_dd_2c_coswara/short/20200415_meYzBgsbbHT9rLhVNx4SYzjRYjK2_shallow.npy,short,train,meYzBgsbbHT9rLhVNx4SYzjRYjK2
features/mel_dd_2c_coswara/short/20200415_bEzlLV5ZV3fSBFl6JLs1e0t3GEG2_shallow.npy,long,train,bEzlLV5ZV3fSBFl6JLs1e0t3GEG2
features/mel_dd_2c_coswara/short/20200413_jRjAYMmAQee5uVm5fU8yVnpuvs33_shallow.npy,long,train,jRjAYMmAQee5uVm5fU8yVnpuvs33
features/mel_dd_2c_coswara/short/20200415_QKEe27GzshbGSIGQZ6nB6lpLb7l2_shallow.npy,short,train,QKEe27GzshbGSIGQZ6nB6lpLb7l2
features/mel_dd_2c_coswara/short/20200415_evcMtXUBFWS6bXPYqv7BXVfqFIc2_shallow.npy,short,train,evcMtXUBFWS6bXPYqv7BXVfqFIc2
features/mel_dd_2c_coswara/short/20200413_qHN6U03r3TRKVZ83fmWDDQvtDuz1_shallow.npy,short,train,qHN6U03r3TRKVZ83fmWDDQvtDuz1
features/mel_dd_2c_coswara/short/20200413_zvXkuEaPb0OEgG4EHx59NqdmamR2_shallow.npy,short,train,zvXkuEaPb0OEgG4EHx59NqdmamR2
features/mel_dd_2c_coswara/short/20200415_rjI1qyc5W6RkajiRcmde0VISAIF3_shallow.npy,short,train,rjI1qyc5W6RkajiRcmde0VISAIF3
features/mel_dd_2c_coswara/short/20200413_LwfZvk9xa6bAJbz4wQGEcyoDOmL2_shallow.npy,short,train,LwfZvk9xa6bAJbz4wQGEcyoDOmL2
features/mel_dd_2c_coswara/short/20200415_IVUrhfpO08QnE9S8UR1hk4DquTa2_shallow.npy,short,test,IVUrhfpO08QnE9S8UR1hk4DquTa2
features/mel_dd_2c_coswara/short/20200415_3OQBJD8fnBepqWPGQT3eTozrhLn1_shallow.npy,short,train,3OQBJD8fnBepqWPGQT3eTozrhLn1
features/mel_dd_2c_coswara/short/20200413_UiUUhL0PMjWVA6W2dKte1DCE6wG2_shallow.npy,short,train,UiUUhL0PMjWVA6W2dKte1DCE6wG2
features/mel_dd_2c_coswara/short/20200413_l3umDXECeOUTZH8pFN19c2WM4m43_shallow.npy,short,train,l3umDXECeOUTZH8pFN19c2WM4m43
features/mel_dd_2c_coswara/short/20200413_hRB1GYdlKAgCnwg4xFzAUE3SiUG2_shallow.npy,short,val,hRB1GYdlKAgCnwg4xFzAUE3SiUG2
features/mel_dd_2c_coswara/short/20200413_l8qDG3sN6tczDZGHbgPje0suopx1_shallow.npy,short,train,l8qDG3sN6tczDZGHbgPje0suopx1
features/mel_dd_2c_coswara/short/20200415_6IBOagmXVWPJaN48oiaAigwiDbw2_shallow.npy,short,train,6IBOagmXVWPJaN48oiaAigwiDbw2
features/mel_dd_2c_coswara/short/20200415_w8GzYkRUeuVtuONdQbOrrFefVco1_shallow.npy,short,train,w8GzYkRUeuVtuONdQbOrrFefVco1
features/mel_dd_2c_coswara/short/20200413_FSzobvJqOXf0rI6X05cHqOiU9Mu2_shallow.npy,short,train,FSzobvJqOXf0rI6X05cHqOiU9Mu2
features/mel_dd_2c_coswara/short/20200413_CrlV0ddIqdbtxNnkIhtPS5dvoX42_shallow.npy,short,train,CrlV0ddIqdbtxNnkIhtPS5dvoX42
features/mel_dd_2c_coswara/short/20200415_RXZtiZlgDxObuYr4m2s8eSavVg72_shallow.npy,long,val,RXZtiZlgDxObuYr4m2s8eSavVg72
features/mel_dd_2c_coswara/short/20200415_jRlVIgE9hofnOP2Lo8He6ebcecz1_shallow.npy,short,val,jRlVIgE9hofnOP2Lo8He6ebcecz1
features/mel_dd_2c_coswara/short/20200413_tiKv850hJFTmpCAvfJOmOOqkeUs1_shallow.npy,short,train,tiKv850hJFTmpCAvfJOmOOqkeUs1
features/mel_dd_2c_coswara/short/20200415_wq5WR6X7egP0MydXWR8nqSpHqq12_shallow.npy,short,train,wq5WR6X7egP0MydXWR8nqSpHqq12
features/mel_dd_2c_coswara/short/20200415_3Hi3v8KLYxXvAp9v1fuhKtaU44G2_shallow.npy,short,train,3Hi3v8KLYxXvAp9v1fuhKtaU44G2
features/mel_dd_2c_coswara/short/20200413_Eu11s84cuBTiPXTAtVf9mj3GkqA2_shallow.npy,short,val,Eu11s84cuBTiPXTAtVf9mj3GkqA2
features/mel_dd_2c_coswara/short/20200415_YjUO0QbUUAUJyUfgApL52jRs8Z52_shallow.npy,short,train,YjUO0QbUUAUJyUfgApL52jRs8Z52
